Date,NSE_Code,NSE_Volume,NSE_Delivery,Price,PrevClose,Traded_Value_lacs,Segment
190124,20MICRONS,17041.0,8809.0,39.75,40.95,3.5,EQ
190124,21STCENMGM,385.0,383.0,21.75,22.1,0.08,EQ
190124,3IINFOTECH,1186190.0,901702.0,3.5,3.55,31.56,EQ
190124,3MINDIA,276.0,172.0,20585.8,20701.6,35.41,EQ
190124,3PLAND,2215.0,2213.0,11.0,11.2,0.24,EQ
190124,5PAISA,4307.0,3067.0,255.7,252.8,7.84,EQ
190124,63MOONS,176588.0,46205.0,87.35,90.15,40.36,EQ
190124,8KMILES,200564.0,95796.0,131.7,135.75,126.16,EQ
190124,A2ZINFRA,355936.0,269617.0,11.4,11.95,30.74,EQ
190124,AARON,3000.0,3000.0,44.5,42.0,1.34,SM
190124,AARTIDRUGS,6200.0,3741.0,601.75,608.1,22.51,EQ
190124,AARTIIND,49888.0,30455.0,1557.3,1536.6,474.28,EQ
190124,AARVEEDEN,6894.0,4326.0,25.15,25.2,1.09,EQ
190124,AAVAS,3740.0,3001.0,854.5,854.15,25.64,EQ
190124,ABAN,486038.0,75317.0,71.55,70.6,53.89,EQ
190124,ABB,144809.0,92027.0,1258.35,1293.2,1158.02,EQ
190124,ABBOTINDIA,1897.0,1365.0,8242.6,8199.95,112.51,EQ
190124,ABCAPITAL,1293180.0,751979.0,89.45,87.4,672.65,EQ
190124,ABFRL,1182826.0,964860.0,202.95,204.1,1958.18,EQ
190124,ABMINTLTD,61.0,61.0,16.45,16.45,0.01,EQ
190124,ACC,343178.0,85225.0,1419.7,1429.85,1209.94,EQ
190124,ACCELYA,2437.0,1257.0,918.85,927.7,11.55,EQ
190124,ACE,101033.0,64050.0,88.9,91.7,56.94,EQ
190124,ACEINTEG,18000.0,18000.0,27.5,25.5,4.95,SM
190124,ADANIENT,1678843.0,239528.0,142.55,143.0,341.45,EQ
190124,ADANIGAS,715971.0,480860.0,99.45,96.8,478.22,EQ
190124,ADANIGREEN,119053.0,78313.0,37.35,37.95,29.25,EQ
190124,ADANIPORTS,3633336.0,2130627.0,380.95,385.2,8116.62,EQ
190124,ADANIPOWER,9678975.0,3430888.0,52.1,51.75,1787.49,EQ
190124,ADANITRANS,610057.0,484094.0,202.95,207.6,982.47,EQ
190124,ADFFOODS,10624.0,6358.0,254.95,258.0,16.21,EQ
190124,ADHUNIK,26127.0,21980.0,2.25,2.25,0.49,EQ
190124,ADHUNIKIND,27741.0,8638.0,44.95,44.65,3.88,EQ
190124,ADLABS,233587.0,135486.0,9.7,9.25,13.14,EQ
190124,ADORWELD,7565.0,3698.0,356.1,361.45,13.17,EQ
190124,ADROITINFO,3473.0,823.0,17.55,17.45,0.14,EQ
190124,ADSL,34392.0,29272.0,13.2,13.25,3.86,EQ
190124,ADVANIHOTR,13083.0,10030.0,72.75,73.3,7.3,EQ
190124,ADVENZYMES,67241.0,41114.0,159.9,162.95,65.74,EQ
190124,AEGISCHEM,102711.0,70220.0,194.8,197.35,136.79,EQ
190124,AGARIND,678.0,617.0,170.85,165.25,1.05,EQ
190124,AGCNET,9971.0,5348.0,114.8,115.0,6.14,EQ
190124,AGLSL,32536.0,27201.0,68.05,69.95,18.51,EQ
190124,AGRITECH,4991.0,3522.0,58.05,59.5,2.04,EQ
190124,AGROPHOS,198000.0,150000.0,54.9,54.45,82.35,SM
190124,AHLEAST,881.0,424.0,244.6,249.0,1.04,EQ
190124,AHLUCONT,5091.0,3043.0,290.15,295.55,8.83,EQ
190124,AHLWEST,84.0,70.0,302.95,297.6,0.21,EQ
190124,AIAENG,76062.0,66764.0,1627.55,1639.4,1086.62,EQ
190124,AIFL,92204.0,58513.0,20.25,21.3,11.85,EQ
190124,AIONJSW,20927.0,17451.0,37.1,37.4,6.47,EQ
190124,AIRAN,12500.0,12500.0,53.5,58.9,6.69,SM
190124,AISL,2400.0,2400.0,74.0,76.0,1.78,SM
190124,AJANTPHARM,153019.0,13342.0,1164.65,1165.4,155.39,EQ
190124,AJMERA,697924.0,78455.0,185.8,176.55,145.77,EQ
190124,AJOONI,92000.0,12000.0,28.85,27.85,3.46,SM
190124,AKSHARCHEM,1709.0,1125.0,417.25,435.65,4.69,EQ
190124,AKSHOPTFBR,335863.0,173009.0,22.65,22.9,39.19,EQ
190124,AKZOINDIA,1365.0,791.0,1725.2,1739.65,13.65,EQ
190124,ALANKIT,642883.0,136219.0,28.05,28.2,38.21,EQ
190124,ALBERTDAVD,1548.0,1021.0,384.35,389.3,3.92,EQ
190124,ALBK,3527376.0,489165.0,43.15,42.05,211.07,EQ
190124,ALEMBICLTD,272512.0,193653.0,42.25,43.1,81.82,EQ
190124,ALICON,5141.0,4112.0,586.9,557.7,24.13,EQ
190124,ALKALI,7726.0,4635.0,50.8,53.5,2.35,EQ
190124,ALKEM,10897.0,4390.0,1900.65,1878.45,83.44,EQ
190124,ALKYLAMINE,4640.0,3112.0,811.3,829.0,25.25,EQ
190124,ALLCARGO,56321.0,35214.0,107.45,109.65,37.84,EQ
190124,ALLSEC,32164.0,26223.0,167.7,182.35,43.98,EQ
190124,ALMONDZ,1767.0,363.0,25.6,24.2,0.09,EQ
190124,ALOKTEXT,2273444.0,1147139.0,3.75,3.85,43.02,EQ
190124,ALPA,30392.0,17041.0,28.05,29.5,4.78,EQ
190124,ALPHAGEO,4536.0,2251.0,466.85,452.9,10.51,EQ
190124,AMARAJABAT,228537.0,81943.0,776.4,782.45,636.21,EQ
190124,AMBER,2786.0,2116.0,845.95,860.45,17.9,EQ
190124,AMBIKCO,1668.0,1219.0,1141.75,1149.15,13.92,EQ
190124,AMBUJACEM,1682064.0,326678.0,211.2,212.4,689.94,EQ
190124,AMDIND,2893.0,2668.0,24.95,24.65,0.67,EQ
190124,AMJLAND,6329.0,3672.0,22.15,21.8,0.81,EQ
190124,AMRUTANJAN,180882.0,37539.0,319.6,310.05,119.97,EQ
190124,ANANTRAJ,184546.0,75992.0,34.15,34.25,25.95,EQ
190124,ANDHRABANK,463132.0,198229.0,26.95,27.05,53.42,EQ
190124,ANDHRACEMT,130225.0,115121.0,4.95,5.1,5.7,EQ
190124,ANDHRSUGAR,16196.0,9895.0,311.3,313.4,30.8,EQ
190124,ANIKINDS,2011.0,1956.0,21.25,21.7,0.42,EQ
190124,ANSALAPI,118247.0,58351.0,12.55,12.55,7.32,EQ
190124,ANSALHSG,129775.0,44105.0,12.7,12.75,5.6,EQ
190124,APARINDS,2772.0,1655.0,615.55,620.2,10.19,EQ
190124,APCL,3515.0,1800.0,119.1,121.0,2.14,EQ
190124,APCOTEXIND,8917.0,5476.0,494.25,512.7,27.07,EQ
190124,APEX,49992.0,31237.0,321.0,336.35,100.27,EQ
190124,APLAPOLLO,6601.0,2611.0,1125.35,1129.8,29.38,EQ
190124,APLLTD,25002.0,18367.0,588.55,589.25,108.1,EQ
190124,APOLLO,43076.0,9251.0,123.25,122.75,11.4,EQ
190124,APOLLOHOSP,831256.0,306847.0,1314.65,1293.85,4033.96,EQ
190124,APOLLOTYRE,802132.0,262812.0,216.8,218.4,569.78,EQ
190124,APTECHT,353438.0,63168.0,185.95,191.8,117.46,EQ
190124,ARCHIDPLY,9497.0,5624.0,40.0,40.1,2.25,EQ
190124,ARCHIES,157303.0,80014.0,29.8,29.65,23.84,EQ
190124,ARCOTECH,57332.0,40174.0,6.9,6.85,2.77,EQ
190124,ARIES,18015.0,11299.0,92.45,91.95,10.45,EQ
190124,ARIHANT,1948.0,1308.0,33.9,34.15,0.44,EQ
190124,ARIHANTSUP,28822.0,12478.0,52.0,53.75,6.49,EQ
190124,ARMANFIN,1434.0,1136.0,380.6,389.2,4.32,EQ
190124,AROGRANITE,6553.0,3773.0,52.85,52.65,1.99,EQ
190124,ARROWTEX,180016.0,142516.0,16.45,20.25,23.44,EQ
190124,ARSHIYA,68149.0,31878.0,31.0,30.95,9.88,EQ
190124,ARSSINFRA,6697.0,5875.0,32.55,34.15,1.91,EQ
190124,ARVIND,1018072.0,209765.0,89.55,91.1,187.84,EQ
190124,ARVSMART,14471.0,11324.0,120.3,122.05,13.62,EQ
190124,ASAHIINDIA,5837.0,4752.0,257.4,255.2,12.23,EQ
190124,ASAHISONG,2902.0,2172.0,207.9,212.35,4.52,EQ
190124,ASAL,14025.0,10065.0,60.15,63.85,6.05,EQ
190124,ASHAPURMIN,26989.0,21543.0,27.65,28.1,5.96,EQ
190124,ASHIANA,16726.0,7510.0,113.0,114.15,8.49,EQ
190124,ASHOKA,60196.0,27933.0,120.95,123.55,33.78,EQ
190124,ASHOKLEY,31366207.0,13042044.0,84.8,89.15,11059.65,EQ
190124,ASIANHOTNR,1237.0,1037.0,149.05,149.0,1.55,EQ
190124,ASIANPAINT,1562800.0,840709.0,1401.85,1396.55,11785.48,EQ
190124,ASIANTILES,39882.0,21918.0,147.5,145.1,32.33,EQ
190124,ASPINWALL,108.0,77.0,163.0,161.5,0.13,EQ
190124,ASSAMCO,190778.0,151638.0,1.9,1.95,2.88,EQ
190124,ASTEC,18630.0,16108.0,518.75,516.25,83.56,EQ
190124,ASTERDM,55569.0,49313.0,159.55,164.4,78.68,EQ
190124,ASTRAL,12605.0,8397.0,1055.35,1058.25,88.62,EQ
190124,ASTRAMICRO,71008.0,28502.0,80.25,80.4,22.87,EQ
190124,ASTRAZEN,3125.0,1275.0,1612.35,1653.1,20.56,EQ
190124,ASTRON,93273.0,32441.0,116.75,117.4,37.87,EQ
190124,ATFL,5580.0,4423.0,609.8,600.6,26.97,EQ
190124,ATLANTA,110330.0,33659.0,20.7,20.05,6.97,EQ
190124,ATUL,2240.0,998.0,3526.7,3536.4,35.2,EQ
190124,ATULAUTO,18904.0,9970.0,314.05,322.25,31.31,EQ
190124,AUBANK,85024.0,45511.0,588.15,589.1,267.67,EQ
190124,AURIONPRO,38889.0,27527.0,126.0,119.65,34.68,EQ
190124,AUROPHARMA,1853657.0,492293.0,788.8,783.1,3883.21,EQ
190124,AUSOMENT,3334.0,2341.0,40.05,40.9,0.94,EQ
190124,AUTOAXLES,9418.0,7025.0,1161.75,1190.5,81.61,EQ
190124,AUTOIND,15781.0,7329.0,61.45,63.45,4.5,EQ
190124,AUTOLITIND,2622.0,2031.0,38.25,39.0,0.78,EQ
190124,AVADHSUGAR,15841.0,6433.0,373.0,370.9,24.0,EQ
190124,AVANTIFEED,103051.0,39527.0,357.65,362.6,141.37,EQ
190124,AVG,1200.0,1200.0,74.0,79.0,0.89,SM
190124,AVTNPL,27053.0,21498.0,25.5,25.8,5.48,EQ
190124,AXISBANK,7013582.0,4068641.0,663.65,661.6,27001.54,EQ
190124,AXISCADES,47248.0,28132.0,69.0,71.7,19.41,EQ
190124,AXISGOLD,58.0,33.0,2829.0,2840.75,0.93,EQ
190124,AXISNIFTY,19.0,10.0,1105.49,1098.38,0.11,EQ
190124,AYMSYNTEX,4704.0,3006.0,37.8,38.35,1.14,EQ
190124,BAFNAPHARM,9294.0,8514.0,10.65,10.85,0.91,EQ
190124,BAGFILMS,35670.0,26721.0,4.9,4.95,1.31,EQ
190124,BAJAJ-AUTO,183566.0,70705.0,2651.65,2674.1,1874.85,EQ
190124,BAJAJCON,13913.0,6941.0,355.55,356.5,24.68,EQ
190124,BAJAJELEC,60074.0,21373.0,459.05,464.0,98.11,EQ
190124,BAJAJFINSV,108993.0,26818.0,6407.3,6493.15,1718.31,EQ
190124,BAJAJHIND,1094755.0,474754.0,8.7,8.8,41.3,EQ
190124,BAJAJHLDNG,39805.0,34291.0,2939.8,2966.65,1008.09,EQ
190124,BAJFINANCE,753856.0,150782.0,2635.65,2634.35,3974.09,EQ
190124,BALAJITELE,152065.0,37303.0,91.15,88.8,34.0,EQ
190124,BALAMINES,11498.0,7178.0,479.85,492.45,34.44,EQ
190124,BALKRISHNA,7316.0,4255.0,43.6,44.55,1.86,EQ
190124,BALKRISIND,843210.0,449494.0,847.5,864.45,3809.46,EQ
190124,BALLARPUR,781672.0,467968.0,3.95,4.05,18.48,EQ
190124,BALMLAWRIE,59886.0,35839.0,185.7,189.0,66.55,EQ
190124,BALPHARMA,4015.0,2526.0,78.6,78.8,1.99,EQ
190124,BALRAMCHIN,823914.0,233810.0,106.3,105.55,248.54,EQ
190124,BANARBEADS,1145.0,1125.0,45.1,45.6,0.51,EQ
190124,BANARISUG,568.0,251.0,1442.85,1420.0,3.62,EQ
190124,BANCOINDIA,17566.0,14370.0,176.75,175.0,25.4,EQ
190124,BANDHANBNK,1169284.0,791730.0,413.9,414.2,3276.97,EQ
190124,BANG,99604.0,32590.0,58.3,58.4,19.0,EQ
190124,BANKBARODA,13283892.0,3678221.0,113.0,111.3,4156.39,EQ
190124,BANKBEES,42348.0,2499.0,2774.85,2778.87,69.34,EQ
190124,BANKINDIA,5449282.0,390019.0,97.3,97.1,379.49,EQ
190124,BANSAL,6000.0,6000.0,18.45,19.0,1.11,SM
190124,BANSWRAS,596.0,407.0,78.6,79.4,0.32,EQ
190124,BARTRONICS,21638.0,15176.0,6.55,6.75,0.99,EQ
190124,BASF,18573.0,12931.0,1407.9,1470.15,182.06,EQ
190124,BASML,552.0,463.0,193.65,195.7,0.9,EQ
190124,BATAINDIA,334775.0,69475.0,1152.85,1160.95,800.94,EQ
190124,BAYERCROP,3296.0,2596.0,4279.0,4283.0,111.08,EQ
190124,BBL,9156.0,6764.0,1064.6,1092.7,72.01,EQ
190124,BBTC,234998.0,54985.0,1209.35,1208.0,664.96,EQ
190124,BCG,347154.0,291438.0,2.95,3.0,8.6,EQ
190124,BCONCEPTS,6000.0,6000.0,37.5,34.5,2.25,SM
190124,BDL,11430.0,6580.0,269.85,273.5,17.76,EQ
190124,BEARDSELL,5289.0,4404.0,19.65,20.8,0.87,EQ
190124,BEDMUTHA,1737.0,1632.0,22.2,22.4,0.36,EQ
190124,BEL,4472876.0,1942074.0,82.8,83.9,1608.04,EQ
190124,BEML,957971.0,84279.0,870.75,883.3,733.86,EQ
190124,BEPL,356134.0,166272.0,71.15,72.65,118.3,EQ
190124,BERGEPAINT,863160.0,532299.0,322.75,320.25,1718.0,EQ
190124,BFINVEST,64573.0,22206.0,228.2,233.35,50.67,EQ
190124,BFUTILITIE,264567.0,40575.0,205.0,205.95,83.18,EQ
190124,BGRENERGY,30266.0,14460.0,55.85,56.5,8.08,EQ
190124,BHAGERIA,15708.0,9985.0,256.3,261.55,25.59,EQ
190124,BHAGYANGR,9858.0,9235.0,34.95,34.7,3.23,EQ
190124,BHAGYAPROP,14561.0,11007.0,29.15,29.35,3.21,EQ
190124,BHANDARI,62791.0,44791.0,2.0,2.0,0.9,EQ
190124,BHARATFIN,222857.0,36999.0,947.75,951.3,350.66,EQ
190124,BHARATFORG,1023064.0,324719.0,475.8,490.1,1545.01,EQ
190124,BHARATGEAR,12018.0,6850.0,167.75,173.0,11.49,EQ
190124,BHARATRAS,3203.0,1947.0,4064.85,4233.6,79.14,EQ
190124,BHARATWIRE,41433.0,31995.0,61.75,63.5,19.76,EQ
190124,BHARTIARTL,9363696.0,3223136.0,301.65,303.7,9722.59,EQ
190124,BHEL,6289323.0,2189460.0,69.05,69.35,1511.82,EQ
190124,BIGBLOC,6964.0,5437.0,30.0,31.5,1.63,EQ
190124,BIL,1487.0,1150.0,225.9,218.4,2.6,EQ
190124,BILENERGY,84930.0,84930.0,0.65,0.6,0.55,EQ
190124,BINANIIND,43253.0,13883.0,59.95,61.05,8.32,EQ
190124,BINDALAGRO,14137.0,8506.0,16.3,16.15,1.39,EQ
190124,BIOCON,1514939.0,444867.0,670.1,670.65,2981.05,EQ
190124,BIRLACABLE,56629.0,27005.0,177.85,177.4,48.03,EQ
190124,BIRLACORPN,31382.0,13369.0,523.3,531.15,69.96,EQ
190124,BKMINDST,14625.0,14500.0,7.0,7.15,1.01,EQ
190124,BLBLIMITED,10630.0,8888.0,5.25,5.35,0.47,EQ
190124,BLISSGVS,880686.0,324744.0,159.65,159.5,518.45,EQ
190124,BLKASHYAP,184086.0,96044.0,21.5,21.3,20.65,EQ
190124,BLS,43714.0,27389.0,116.65,117.65,31.95,EQ
190124,BLUEBLENDS,5030.0,4327.0,3.95,4.1,0.17,EQ
190124,BLUEDART,1873.0,1187.0,2992.2,3062.8,35.52,EQ
190124,BLUESTARCO,7599.0,4842.0,607.4,608.25,29.41,EQ
190124,BODALCHEM,150235.0,90758.0,105.65,110.25,95.89,EQ
190124,BOHRA,2000.0,2000.0,19.7,20.7,0.39,SM
190124,BOMDYEING,438909.0,135434.0,116.75,118.25,158.12,EQ
190124,BOROSIL,21020.0,14319.0,222.2,229.65,31.82,EQ
190124,BOSCHLTD,9082.0,3630.0,19155.4,19090.15,695.34,EQ
190124,BPCL,1647059.0,434893.0,353.95,357.15,1539.3,EQ
190124,BPL,74265.0,41662.0,39.45,40.6,16.44,EQ
190124,BRFL,18569.0,15333.0,8.65,8.7,1.33,EQ
190124,BRIGADE,125043.0,70104.0,211.65,210.95,148.38,EQ
190124,BRITANNIA,148520.0,69356.0,3216.85,3203.85,2231.08,EQ
190124,BRNL,30757.0,28526.0,84.3,88.7,24.05,EQ
190124,BROOKS,7849.0,4662.0,54.15,54.4,2.52,EQ
190124,BSE,31837.0,25113.0,591.5,591.25,148.54,EQ
190124,BSELINFRA,29031.0,28778.0,1.95,2.0,0.56,EQ
190124,BSHSL,1000.0,1000.0,130.0,130.7,1.3,SM
190124,BSL,9459.0,5423.0,46.55,45.35,2.52,EQ
190124,BSLGOLDETF,32.0,14.0,2961.35,2990.0,0.41,EQ
190124,BSLNIFTY,166.0,166.0,114.12,113.15,0.19,EQ
190124,BURNPUR,50751.0,33840.0,3.7,3.7,1.25,EQ
190124,BUTTERFLY,21842.0,11905.0,246.3,256.4,29.32,EQ
190124,BYKE,59205.0,43784.0,49.95,51.7,21.87,EQ
190124,CADILAHC,545629.0,193847.0,346.1,342.05,670.9,EQ
190124,CALSOFT,8732.0,7573.0,19.85,18.95,1.5,EQ
190124,CAMLINFINE,66530.0,33581.0,51.25,51.6,17.21,EQ
190124,CANBK,3700424.0,174282.0,262.3,260.45,457.14,EQ
190124,CANDC,6574.0,5660.0,25.7,25.95,1.45,EQ
190124,CANFINHOME,1505981.0,221917.0,254.6,265.4,565.0,EQ
190124,CANTABIL,28866.0,6537.0,136.4,137.85,8.92,EQ
190124,CAPACITE,16404.0,7754.0,225.25,226.85,17.47,EQ
190124,CAPLIPOINT,11533.0,5806.0,381.2,384.8,22.13,EQ
190124,CARBORUNIV,23734.0,15806.0,360.35,361.0,56.96,EQ
190124,CAREERP,2671.0,1870.0,72.85,73.1,1.36,EQ
190124,CARERATING,504114.0,486051.0,1007.55,985.15,4897.21,EQ
190124,CASTEXTECH,210494.0,155930.0,1.05,1.1,1.64,EQ
190124,CASTROLIND,769103.0,418101.0,162.9,164.05,681.09,EQ
190124,CCCL,63671.0,45878.0,2.05,2.1,0.94,EQ
190124,CCHHL,17704.0,15248.0,7.1,7.2,1.08,EQ
190124,CCL,36909.0,16296.0,273.85,272.15,44.63,EQ
190124,CDSL,119679.0,88480.0,230.35,229.15,203.81,EQ
190124,CEATLTD,266821.0,23611.0,1219.75,1219.5,288.0,EQ
190124,CELEBRITY,7233.0,7195.0,9.35,9.4,0.67,EQ
190124,CELESTIAL,14802.0,9860.0,7.55,7.65,0.74,EQ
190124,CENTENKA,179378.0,64572.0,251.7,251.4,162.53,EQ
190124,CENTEXT,35028.0,29477.0,6.8,6.75,2.0,EQ
190124,CENTRALBK,128111.0,57096.0,32.5,32.75,18.56,EQ
190124,CENTRUM,34649.0,27237.0,33.6,33.75,9.15,EQ
190124,CENTUM,24425.0,22859.0,403.4,384.3,92.21,EQ
190124,CENTURYPLY,81070.0,50006.0,167.95,170.7,83.99,EQ
190124,CENTURYTEX,411896.0,77603.0,871.3,885.9,676.15,EQ
190124,CERA,2993.0,1911.0,2576.65,2568.35,49.24,EQ
190124,CEREBRAINT,194806.0,35020.0,29.05,29.15,10.17,EQ
190124,CESC,465373.0,223743.0,685.45,679.1,1533.65,EQ
190124,CGCL,326011.0,25252.0,130.4,130.65,32.93,EQ
190124,CGPOWER,6363671.0,1364059.0,38.7,40.5,527.89,EQ
190124,CHAMBLFERT,179874.0,64608.0,166.55,164.25,107.6,EQ
190124,CHEMFAB,10585.0,10155.0,141.2,145.0,14.34,EQ
190124,CHENNPETRO,327647.0,73216.0,262.9,260.15,192.48,EQ
190124,CHOLAFIN,252964.0,134372.0,1159.45,1144.95,1557.98,EQ
190124,CIGNITITEC,23854.0,16536.0,363.1,362.0,60.04,EQ
190124,CIMMCO,18523.0,9656.0,34.4,33.7,3.32,EQ
190124,CINELINE,17637.0,16212.0,44.95,45.6,7.29,EQ
190124,CINEVISTA,13425.0,9625.0,5.75,5.95,0.55,EQ
190124,CIPLA,1620195.0,792169.0,500.7,509.3,3966.39,EQ
190124,CLEDUCATE,4917.0,3933.0,125.3,122.5,4.93,EQ
190124,CLNINDIA,6474.0,4369.0,396.15,400.55,17.31,EQ
190124,CMICABLES,15627.0,8739.0,131.15,133.75,11.46,EQ
190124,CMMIPL,3000.0,3000.0,9.25,9.5,0.28,SM
190124,CNOVAPETRO,408.0,304.0,21.35,20.75,0.06,EQ
190124,COALINDIA,2838220.0,1553925.0,223.85,225.55,3478.46,EQ
190124,COCHINSHIP,41708.0,23039.0,360.9,360.65,83.15,EQ
190124,COFFEEDAY,282669.0,176552.0,284.7,287.75,502.64,EQ
190124,COLPAL,1359904.0,333716.0,1321.9,1307.25,4411.39,EQ
190124,COMPINFO,14305.0,7990.0,21.35,21.05,1.71,EQ
190124,COMPUSOFT,8810.0,6453.0,10.75,10.75,0.69,EQ
190124,CONCOR,305335.0,161803.0,664.05,659.9,1074.45,EQ
190124,CONTROLPR,2686.0,1401.0,276.35,278.1,3.87,EQ
190124,CORALFINAC,15503.0,13345.0,14.85,14.9,1.98,EQ
190124,CORDSCABLE,9767.0,7013.0,63.25,63.3,4.44,EQ
190124,COROMANDEL,218705.0,171685.0,443.95,434.2,762.2,EQ
190124,CORPBANK,101800.0,43917.0,27.0,27.4,11.86,EQ
190124,COSMOFILMS,7768.0,4572.0,196.45,196.9,8.98,EQ
190124,COUNCODOS,13408.0,11775.0,2.2,2.25,0.26,EQ
190124,COX&KINGS,29871.0,16495.0,159.7,157.6,26.34,EQ
190124,CPSEETF,1382840.0,1139897.0,23.39,23.5,266.62,EQ
190124,CREATIVE,6400.0,3200.0,115.0,116.4,3.68,SM
190124,CREDITACC,22416.0,7520.0,389.8,392.3,29.31,EQ
190124,CREST,5590.0,2982.0,139.1,140.55,4.15,EQ
190124,CRISIL,5887.0,1772.0,1647.65,1646.45,29.2,EQ
190124,CRMFGETF,1.0,1.0,2950.0,3030.0,0.03,EQ
190124,CROMPTON,662560.0,491401.0,218.75,219.85,1074.94,EQ
190124,CTE,1473.0,1368.0,43.05,44.0,0.59,EQ
190124,CUB,902113.0,754537.0,190.05,186.95,1434.0,EQ
190124,CUBEXTUB,1974.0,1974.0,14.5,14.3,0.29,EQ
190124,CUMMINSIND,290818.0,122834.0,824.7,821.65,1013.01,EQ
190124,CUPID,32273.0,20332.0,130.5,134.0,26.53,EQ
190124,CYBERMEDIA,2368.0,2162.0,6.85,6.85,0.15,EQ
190124,CYBERTECH,6351.0,4372.0,40.35,40.6,1.76,EQ
190124,CYIENT,78413.0,44122.0,592.05,597.9,261.22,EQ
190124,DAAWAT,457332.0,186129.0,38.2,38.5,71.1,EQ
190124,DABUR,1179389.0,631949.0,430.4,430.65,2719.91,EQ
190124,DALMIASUG,85094.0,36427.0,100.45,98.5,36.59,EQ
190124,DAMODARIND,1575.0,545.0,45.95,44.85,0.25,EQ
190124,DANGEE,32000.0,32000.0,187.0,196.0,59.84,SM
190124,DATAMATICS,20711.0,11715.0,106.8,107.25,12.51,EQ
190124,DBCORP,86377.0,42175.0,178.1,180.3,75.11,EQ
190124,DBL,257034.0,115892.0,346.2,358.05,401.22,EQ
190124,DBSTOCKBRO,20.0,20.0,8.35,8.4,0.0,EQ
190124,DCAL,169435.0,99349.0,221.5,219.25,220.06,EQ
190124,DCBBANK,1008066.0,352432.0,181.85,179.85,640.9,EQ
190124,DCM,3355.0,2443.0,72.15,73.35,1.76,EQ
190124,DCMSHRIRAM,35952.0,18863.0,327.65,333.55,61.8,EQ
190124,DCW,63658.0,44442.0,16.5,16.55,7.33,EQ
190124,DECCANCE,482.0,408.0,399.55,397.35,1.63,EQ
190124,DEEPAKFERT,1819269.0,957513.0,106.1,112.55,1015.92,EQ
190124,DEEPAKNTR,228792.0,142964.0,219.35,229.95,313.59,EQ
190124,DEEPIND,11458.0,9422.0,116.6,118.2,10.99,EQ
190124,DELTACORP,434375.0,174509.0,236.3,237.85,412.36,EQ
190124,DELTAMAGNT,618.0,568.0,74.5,74.55,0.42,EQ
190124,DEN,234227.0,168714.0,71.45,71.1,120.55,EQ
190124,DENABANK,674554.0,298260.0,12.85,12.9,38.33,EQ
190124,DENORA,12528.0,11017.0,249.95,267.1,27.54,EQ
190124,DFMFOODS,122282.0,120513.0,201.0,202.1,242.23,EQ
190124,DHAMPURSUG,292205.0,124596.0,170.3,168.95,212.19,EQ
190124,DHANBANK,209800.0,126901.0,16.5,16.6,20.94,EQ
190124,DHANUKA,10571.0,4679.0,403.55,410.35,18.88,EQ
190124,DHARSUGAR,1493.0,1354.0,11.55,11.55,0.16,EQ
190124,DHFL,4803404.0,899190.0,207.65,209.6,1867.17,EQ
190124,DHUNINV,45111.0,7880.0,296.05,336.6,23.33,EQ
190124,DIAMONDYD,1935.0,1833.0,1030.25,1033.0,18.88,EQ
190124,DICIND,7259.0,7113.0,370.0,365.15,26.32,EQ
190124,DIGJAMLTD,49155.0,34140.0,4.6,4.5,1.57,EQ
190124,DISHTV,11807720.0,7107457.0,33.55,33.65,2384.55,EQ
190124,DIVISLAB,365424.0,98277.0,1493.25,1503.3,1467.52,EQ
190124,DIXON,6502.0,2582.0,2267.5,2243.4,58.55,EQ
190124,DLF,5827123.0,652731.0,177.75,177.25,1160.23,EQ
190124,DLINKINDIA,15729.0,10314.0,77.8,74.95,8.02,EQ
190124,DMART,338685.0,107328.0,1391.55,1397.3,1493.52,EQ
190124,DOLLAR,3270.0,2340.0,287.65,287.5,6.73,EQ
190124,DOLPHINOFF,40543.0,8735.0,49.65,49.0,4.34,EQ
190124,DONEAR,82286.0,27164.0,41.55,42.05,11.29,EQ
190124,DPSCLTD,1244.0,1110.0,12.95,12.6,0.14,EQ
190124,DQE,3436.0,3242.0,7.05,7.5,0.23,EQ
190124,DREDGECORP,244641.0,39262.0,420.25,429.1,165.0,EQ
190124,DRREDDY,611565.0,261933.0,2668.45,2646.75,6989.55,EQ
190124,DSSL,7469.0,6464.0,33.55,33.6,2.17,EQ
190124,DTIL,209.0,152.0,239.0,243.25,0.36,EQ
190124,DUCON,73953.0,44733.0,10.7,11.15,4.79,EQ
190124,DVL,20516.0,5124.0,106.15,108.3,5.44,EQ
190124,DWARKESH,183419.0,132662.0,23.45,23.95,31.11,EQ
190124,DYNAMATECH,468.0,426.0,1440.0,1450.3,6.13,EQ
190124,DYNPRO,735.0,630.0,120.1,120.35,0.76,EQ
190124,EASUNREYRL,94030.0,57277.0,9.45,9.85,5.41,EQ
190124,ECEIND,235.0,150.0,220.0,220.0,0.33,EQ
190124,ECLERX,6428.0,5787.0,1071.3,1065.45,62.0,EQ
190124,EDELWEISS,2478727.0,942496.0,151.75,160.55,1430.24,EQ
190124,EDL,1780.0,1662.0,8.7,8.75,0.14,EQ
190124,EICHERMOT,45723.0,8740.0,20115.6,20089.15,1758.1,EQ
190124,EIDPARRY,175317.0,95047.0,202.75,203.35,192.71,EQ
190124,EIFFL,4000.0,4000.0,115.8,116.25,4.63,SM
190124,EIHAHOTELS,1243.0,1067.0,366.2,374.25,3.91,EQ
190124,EIHOTEL,27685.0,17886.0,179.9,179.5,32.18,EQ
190124,EIMCOELECO,421.0,357.0,364.5,372.75,1.3,EQ
190124,EKC,81196.0,55487.0,29.95,30.15,16.62,EQ
190124,ELAND,519.0,395.0,5.75,5.9,0.02,EQ
190124,ELECON,26331.0,21593.0,66.7,67.45,14.4,EQ
190124,ELECTCAST,82715.0,54304.0,21.35,21.25,11.59,EQ
190124,ELECTHERM,3030.0,1602.0,146.1,146.25,2.34,EQ
190124,ELGIEQUIP,50671.0,41561.0,250.1,250.2,103.94,EQ
190124,ELGIRUBCO,4584.0,3364.0,24.9,25.5,0.84,EQ
190124,EMAMILTD,63993.0,26582.0,418.8,417.9,111.33,EQ
190124,EMAMIREAL,20874.0,11402.0,132.85,134.95,15.15,EQ
190124,EMCO,77236.0,47518.0,5.7,6.0,2.71,EQ
190124,EMKAY,9477.0,6877.0,96.2,98.7,6.62,EQ
190124,EMMBI,3764.0,2728.0,117.9,120.3,3.22,EQ
190124,ENDURANCE,11113.0,7956.0,1146.65,1169.95,91.23,EQ
190124,ENERGYDEV,22450.0,18349.0,10.15,10.6,1.86,EQ
190124,ENGINERSIN,1269245.0,554989.0,117.2,116.8,650.45,EQ
190124,ENIL,2036.0,1775.0,579.2,581.55,10.28,EQ
190124,EON,5953.0,3885.0,42.45,42.5,1.65,EQ
190124,EQ30,77.0,14.0,275.0,272.49,0.04,EQ
190124,EQUITAS,3666921.0,916630.0,120.75,119.0,1106.83,EQ
190124,ERIS,30252.0,20281.0,669.0,678.8,135.68,EQ
190124,EROSMEDIA,127314.0,50895.0,80.65,81.65,41.05,EQ
190124,ESABINDIA,1918.0,1299.0,863.15,871.6,11.21,EQ
190124,ESCORTS,1410155.0,357726.0,715.55,730.4,2559.71,EQ
190124,ESSARSHPNG,2421.0,1961.0,12.2,12.2,0.24,EQ
190124,ESSDEE,13929.0,7932.0,16.35,15.6,1.3,EQ
190124,ESSELPACK,121553.0,72970.0,116.9,116.7,85.3,EQ
190124,ESTER,15649.0,9555.0,31.55,31.6,3.01,EQ
190124,EUROTEXIND,100.0,100.0,18.3,19.05,0.02,EQ
190124,EVEREADY,74545.0,35524.0,217.35,218.25,77.21,EQ
190124,EVERESTIND,80083.0,31363.0,441.1,461.0,138.34,EQ
190124,EXCEL,137631.0,137132.0,2.4,2.5,3.29,EQ
190124,EXCELCROP,2590.0,1764.0,3209.7,3341.95,56.62,EQ
190124,EXCELINDUS,22155.0,15008.0,1018.75,1072.35,152.89,EQ
190124,EXIDEIND,2153736.0,848245.0,233.2,241.1,1978.11,EQ
190124,FACT,47769.0,23242.0,40.35,41.1,9.38,EQ
190124,FAIRCHEM,1753.0,1466.0,336.7,330.55,4.94,EQ
190124,FCL,484045.0,140641.0,40.9,38.65,57.52,EQ
190124,FCONSUMER,745512.0,426026.0,40.05,40.5,170.62,EQ
190124,FDC,39341.0,29750.0,164.6,165.85,48.97,EQ
190124,FEDERALBNK,6256146.0,1483016.0,88.9,88.5,1318.4,EQ
190124,FEL,168408.0,125920.0,34.2,34.45,43.06,EQ
190124,FELDVR,1095.0,776.0,34.1,33.75,0.26,EQ
190124,FIEMIND,7300.0,5284.0,497.0,504.7,26.26,EQ
190124,FILATEX,185964.0,69617.0,54.8,53.55,38.15,EQ
190124,FINCABLES,22154.0,11213.0,423.45,424.7,47.48,EQ
190124,FINEORG,2977.0,2124.0,1148.2,1168.05,24.39,EQ
190124,FINPIPE,8171.0,3287.0,530.5,530.35,17.44,EQ
190124,FIVECORE,1000.0,1000.0,111.0,109.65,1.11,SM
190124,FLEXITUFF,12743.0,7315.0,59.25,56.9,4.33,EQ
190124,FLFL,13440.0,4246.0,413.45,420.9,17.56,EQ
190124,FMGOETZE,2542.0,1896.0,493.75,504.15,9.36,EQ
190124,FMNL,17575.0,6881.0,51.85,52.2,3.57,EQ
190124,FORTIS,599598.0,451960.0,136.35,135.5,616.25,EQ
190124,FOSECOIND,3494.0,2396.0,1566.85,1589.85,37.54,EQ
190124,FOURTHDIM,14000.0,12000.0,45.4,47.5,5.45,SM
190124,FRETAIL,714548.0,561564.0,441.15,441.05,2477.34,EQ
190124,FSC,1221.0,1031.0,657.0,651.4,6.77,EQ
190124,FSL,1707912.0,1161055.0,48.9,49.15,567.76,EQ
190124,GABRIEL,93837.0,50664.0,146.1,146.3,74.02,EQ
190124,GAEL,23459.0,13151.0,215.4,212.3,28.33,EQ
190124,GAIL,3384646.0,2178543.0,333.6,334.2,7267.62,EQ
190124,GAL,22432.0,17236.0,6.1,6.1,1.05,EQ
190124,GALAXYSURF,1223.0,766.0,1119.25,1114.9,8.57,EQ
190124,GALLANTT,5403.0,4188.0,52.8,53.65,2.21,EQ
190124,GALLISPAT,99053.0,84648.0,38.1,40.3,32.25,EQ
190124,GAMMNINFRA,693178.0,598907.0,0.7,0.7,4.19,EQ
190124,GANDHITUBE,3955.0,3510.0,362.7,370.95,12.73,EQ
190124,GANECOS,4789.0,3042.0,281.4,286.4,8.56,EQ
190124,GANESHHOUC,17404.0,12380.0,61.75,63.05,7.64,EQ
190124,GANGAFORGE,6000.0,6000.0,22.5,22.4,1.35,SM
190124,GANGESSECU,2513.0,800.0,47.95,46.1,0.38,EQ
190124,GARDENSILK,21516.0,13501.0,23.2,23.7,3.13,EQ
190124,GARFIBRES,2633.0,2341.0,1125.35,1175.5,26.34,EQ
190124,GATI,276065.0,102740.0,76.4,77.65,78.49,EQ
190124,GAYAHWS,22698.0,20698.0,0.95,1.0,0.2,EQ
190124,GAYAPROJ,68674.0,60029.0,167.1,169.5,100.31,EQ
190124,GDL,160918.0,101870.0,100.0,105.9,101.87,EQ
190124,GEECEE,816.0,810.0,119.2,120.65,0.97,EQ
190124,GENESYS,11186.0,7105.0,138.5,138.05,9.84,EQ
190124,GENUSPAPER,361437.0,159234.0,9.25,9.15,14.73,EQ
190124,GENUSPOWER,349089.0,148950.0,31.4,31.75,46.77,EQ
190124,GEOJITFSL,46095.0,28555.0,41.25,41.45,11.78,EQ
190124,GEPIL,4818.0,2150.0,812.7,810.3,17.47,EQ
190124,GESHIP,51863.0,25504.0,291.05,290.7,74.23,EQ
190124,GET&D,23108.0,16266.0,295.7,305.75,48.1,EQ
190124,GHCL,45597.0,19814.0,254.25,256.5,50.38,EQ
190124,GICHSGFIN,60647.0,45432.0,235.5,246.7,106.99,EQ
190124,GICRE,27942.0,20700.0,250.0,247.7,51.75,EQ
190124,GILLANDERS,100.0,100.0,57.5,56.75,0.06,EQ
190124,GILLETTE,2805.0,2509.0,6499.3,6493.65,163.07,EQ
190124,GINNIFILA,33124.0,26683.0,16.2,16.25,4.32,EQ
190124,GIPCL,21080.0,18565.0,76.0,76.85,14.11,EQ
190124,GIRIRAJ,9600.0,7200.0,40.0,44.4,2.88,SM
190124,GKWLIMITED,208.0,125.0,887.25,898.95,1.11,EQ
190124,GLAXO,7663.0,4911.0,1406.25,1408.85,69.06,EQ
190124,GLENMARK,523889.0,135387.0,649.75,649.4,879.68,EQ
190124,GLOBAL,1000.0,1000.0,149.0,149.0,1.49,SM
190124,GLOBALVECT,2429.0,1538.0,61.25,60.65,0.94,EQ
190124,GLOBOFFS,16015.0,10243.0,13.35,13.1,1.37,EQ
190124,GLOBUSSPR,161168.0,71944.0,154.3,149.7,111.01,EQ
190124,GMBREW,22782.0,7886.0,536.85,539.6,42.34,EQ
190124,GMDCLTD,28028.0,21574.0,84.7,84.45,18.27,EQ
190124,GMMPFAUDLR,4446.0,3930.0,1092.9,1120.8,42.95,EQ
190124,GMRINFRA,6695516.0,1718841.0,15.95,16.15,274.16,EQ
190124,GNA,17325.0,10643.0,336.5,344.85,35.81,EQ
190124,GNFC,312675.0,149709.0,336.95,340.35,504.44,EQ
190124,GOACARBON,54218.0,19547.0,478.1,493.5,93.45,EQ
190124,GOCLCORP,5543.0,2827.0,257.05,263.0,7.27,EQ
190124,GODFRYPHLP,142196.0,20563.0,958.25,955.75,197.04,EQ
190124,GODREJAGRO,29596.0,21956.0,499.85,503.85,109.75,EQ
190124,GODREJCP,506573.0,309988.0,790.6,789.8,2450.77,EQ
190124,GODREJIND,218111.0,76039.0,522.45,526.0,397.27,EQ
190124,GODREJPROP,212753.0,73985.0,742.45,715.3,549.3,EQ
190124,GOKEX,53903.0,44490.0,70.05,71.5,31.17,EQ
190124,GOLDBEES,5202.0,3267.0,2858.65,2873.15,93.39,EQ
190124,GOLDIAM,8724.0,6268.0,80.85,83.3,5.07,EQ
190124,GOLDSHARE,518.0,376.0,2887.7,2888.2,10.86,EQ
190124,GOLDTECH,26087.0,19812.0,13.75,14.4,2.72,EQ
190124,GOODLUCK,7728.0,5097.0,72.3,71.8,3.69,EQ
190124,GPIL,194825.0,96723.0,199.5,208.05,192.96,EQ
190124,GPPL,65309.0,29743.0,87.75,87.65,26.1,EQ
190124,GPTINFRA,1927.0,1171.0,54.4,54.1,0.64,EQ
190124,GRANULES,3701722.0,990766.0,96.3,93.3,954.11,EQ
190124,GRAPHITE,2400623.0,750640.0,623.4,671.95,4679.49,EQ
190124,GRASIM,1009447.0,315808.0,785.8,782.15,2481.62,EQ
190124,GRAVITA,18767.0,13290.0,65.75,67.75,8.74,EQ
190124,GREAVESCOT,193404.0,123002.0,120.35,119.4,148.03,EQ
190124,GREENLAM,4569.0,4164.0,872.9,844.95,36.35,EQ
190124,GREENPLY,109189.0,64782.0,134.25,137.3,86.97,EQ
190124,GREENPOWER,234820.0,113718.0,5.7,5.95,6.48,EQ
190124,GRINDWELL,66552.0,62204.0,569.95,568.6,354.53,EQ
190124,GROBTEA,1192.0,936.0,586.25,543.05,5.49,EQ
190124,GRPLTD,163.0,130.0,985.85,998.7,1.28,EQ
190124,GRSE,3578.0,1517.0,89.3,90.9,1.35,EQ
190124,GRUH,654959.0,398837.0,223.2,226.45,890.2,EQ
190124,GSCLCEMENT,11002.0,8988.0,23.35,23.8,2.1,EQ
190124,GSFC,898523.0,236594.0,105.35,105.9,249.25,EQ
190124,GSKCONS,9334.0,6143.0,7255.35,7268.45,445.7,EQ
190124,GSPL,293814.0,268784.0,179.7,180.0,483.0,EQ
190124,GSS,628183.0,127642.0,116.75,122.3,149.02,EQ
190124,GTLINFRA,178978.0,178978.0,1.3,1.35,2.33,EQ
190124,GTNIND,560.0,560.0,9.2,8.9,0.05,EQ
190124,GTPL,22440.0,21470.0,81.15,82.55,17.42,EQ
190124,GUFICBIO,48013.0,9651.0,86.95,85.6,8.39,EQ
190124,GUJALKALI,28891.0,18869.0,510.85,519.9,96.39,EQ
190124,GUJAPOLLO,1619.0,1391.0,161.9,158.15,2.25,EQ
190124,GUJFLUORO,25192.0,17708.0,887.05,884.0,157.08,EQ
190124,GUJGASLTD,94909.0,62197.0,126.5,130.15,78.68,EQ
190124,GULFOILLUB,4905.0,3274.0,855.55,852.05,28.01,EQ
190124,GULFPETRO,8419.0,5626.0,58.2,58.7,3.27,EQ
190124,GULPOLY,10212.0,9024.0,64.85,65.55,5.85,EQ
190124,GVKPIL,811160.0,512498.0,6.95,6.9,35.62,EQ
190124,HAL,6707.0,4331.0,747.9,754.25,32.39,EQ
190124,HARITASEAT,1963.0,1535.0,515.15,517.8,7.91,EQ
190124,HARRMALAYA,50982.0,13113.0,79.3,79.1,10.4,EQ
190124,HATHWAY,3295603.0,2635232.0,31.9,31.75,840.64,EQ
190124,HATSUN,5602.0,3882.0,706.2,699.85,27.41,EQ
190124,HAVELLS,1172488.0,289996.0,702.6,696.2,2037.51,EQ
190124,HBLPOWER,58099.0,36451.0,26.55,27.0,9.68,EQ
190124,HBSL,621.0,531.0,8.15,8.15,0.04,EQ
190124,HCC,2606977.0,1059801.0,13.25,13.3,140.42,EQ
190124,HCG,2577.0,2419.0,195.1,195.0,4.72,EQ
190124,HCL-INSYS,1251660.0,391117.0,20.95,21.8,81.94,EQ
190124,HCLTECH,1477391.0,862992.0,946.45,944.45,8167.79,EQ
190124,HDFC,2194496.0,1284755.0,1971.1,1958.25,25323.81,EQ
190124,HDFCAMC,48416.0,24027.0,1456.0,1458.8,349.83,EQ
190124,HDFCBANK,2527893.0,1465573.0,2102.25,2105.4,30810.01,EQ
190124,HDFCLIFE,1229942.0,773018.0,361.2,373.35,2792.14,EQ
190124,HDFCMFGETF,827.0,570.0,2933.15,2944.2,16.72,EQ
190124,HDFCNIFETF,309.0,159.0,1125.26,1124.35,1.79,EQ
190124,HDFCSENETF,33.0,31.0,3792.77,3774.24,1.18,EQ
190124,HDIL,4301829.0,1029798.0,27.45,26.95,282.68,EQ
190124,HEG,534867.0,168429.0,3006.1,3275.45,5063.14,EQ
190124,HEIDELBERG,21392.0,14811.0,148.7,148.65,22.02,EQ
190124,HERCULES,15399.0,7761.0,108.85,111.6,8.45,EQ
190124,HERITGFOOD,45606.0,32174.0,518.25,520.3,166.74,EQ
190124,HEROMOTOCO,240737.0,62206.0,2790.2,2795.95,1735.67,EQ
190124,HESTERBIO,749.0,506.0,1124.8,1131.85,5.69,EQ
190124,HEXAWARE,1147157.0,460441.0,326.35,333.1,1502.65,EQ
190124,HFCL,1938246.0,954739.0,22.3,22.45,212.91,EQ
190124,HGINFRA,63135.0,32626.0,204.15,201.0,66.61,EQ
190124,HGS,4035.0,3701.0,642.3,641.2,23.77,EQ
190124,HIGHGROUND,6743.0,4711.0,8.8,8.75,0.41,EQ
190124,HIKAL,73318.0,40561.0,151.15,153.25,61.31,EQ
190124,HIL,3666.0,2128.0,1936.05,1938.5,41.2,EQ
190124,HILTON,8102.0,5260.0,19.95,20.1,1.05,EQ
190124,HIMATSEIDE,13319.0,10458.0,212.5,213.65,22.22,EQ
190124,HINDALCO,3917176.0,904865.0,205.05,205.45,1855.43,EQ
190124,HINDCOMPOS,3182.0,1465.0,265.3,269.25,3.89,EQ
190124,HINDCOPPER,283628.0,117235.0,47.2,47.95,55.33,EQ
190124,HINDMOTORS,39070.0,24212.0,7.8,7.9,1.89,EQ
190124,HINDNATGLS,14333.0,9257.0,103.85,104.45,9.61,EQ
190124,HINDOILEXP,231433.0,144121.0,117.4,118.05,169.2,EQ
190124,HINDPETRO,4653823.0,2570166.0,243.1,241.85,6248.07,EQ
190124,HINDUJAVEN,550.0,413.0,388.7,389.45,1.61,EQ
190124,HINDUNILVR,1350870.0,925006.0,1759.5,1767.2,16275.48,EQ
190124,HINDZINC,359501.0,135788.0,257.95,259.4,350.27,EQ
190124,HIRECT,8375.0,7568.0,110.15,113.0,8.34,EQ
190124,HISARMETAL,2705.0,1691.0,42.1,42.75,0.71,EQ
190124,HITECH,19341.0,5771.0,205.6,207.65,11.87,EQ
190124,HITECHCORP,555.0,350.0,113.65,115.5,0.4,EQ
190124,HITECHGEAR,758.0,663.0,320.6,319.15,2.13,EQ
190124,HMVL,14200.0,6252.0,119.95,122.5,7.5,EQ
190124,HNGSNGBEES,7.0,5.0,3159.95,3115.0,0.16,EQ
190124,HONAUT,1186.0,759.0,21797.9,22154.2,165.45,EQ
190124,HONDAPOWER,1222.0,917.0,1106.1,1107.9,10.14,EQ
190124,HOTELEELA,78744.0,49975.0,14.9,14.8,7.45,EQ
190124,HOVS,7130.0,3953.0,167.5,170.9,6.62,EQ
190124,HPL,16512.0,9960.0,57.55,58.75,5.73,EQ
190124,HSCL,346327.0,233926.0,131.0,130.0,306.44,EQ
190124,HSIL,41372.0,21707.0,234.55,228.05,50.91,EQ
190124,HTMEDIA,91334.0,56067.0,41.85,42.25,23.46,EQ
190124,HUBTOWN,26799.0,16450.0,40.1,41.0,6.6,EQ
190124,HUDCO,741758.0,378354.0,43.25,44.5,163.64,EQ
190124,IBREALEST,2307843.0,1157653.0,84.05,83.35,973.01,EQ
190124,IBULHSGFIN,3186834.0,555199.0,773.5,778.7,4294.46,EQ
190124,IBULISL,50160.0,24897.0,322.9,320.45,80.39,EQ
190124,IBVENTURES,174283.0,84667.0,361.35,361.4,305.94,EQ
190124,ICEMAKE,2000.0,2000.0,70.95,70.0,1.42,SM
190124,ICICI500,478.0,337.0,144.14,145.19,0.49,EQ
190124,ICICIB22,94554.0,76806.0,34.45,34.54,26.46,EQ
190124,ICICIBANK,17521254.0,9385167.0,364.8,367.4,34237.09,EQ
190124,ICICIGI,80295.0,40156.0,848.4,832.25,340.68,EQ
190124,ICICIGOLD,3755.0,2672.0,29.25,29.2,0.78,EQ
190124,ICICILIQ,1410.0,1230.0,999.99,1000.0,12.3,EQ
190124,ICICILOVOL,371.0,261.0,85.91,86.35,0.22,EQ
190124,ICICIMCAP,41132.0,41132.0,65.6,65.62,26.98,EQ
190124,ICICINF100,1131.0,1131.0,117.0,117.22,1.32,EQ
190124,ICICINIFTY,25109.0,16355.0,112.95,112.94,18.47,EQ
190124,ICICINV20,2669.0,2378.0,53.37,53.36,1.27,EQ
190124,ICICINXT50,6920.0,5566.0,27.28,27.31,1.52,EQ
190124,ICICIPRULI,3408688.0,878096.0,303.8,305.4,2667.66,EQ
190124,ICICISENSX,31.0,18.0,381.78,382.77,0.07,EQ
190124,ICIL,87276.0,56786.0,49.9,50.55,28.34,EQ
190124,ICRA,580.0,245.0,3092.25,3128.5,7.58,EQ
190124,IDBI,4180297.0,557513.0,56.05,56.6,312.49,EQ
190124,IDBIGOLD,91.0,39.0,3004.25,3005.55,1.17,EQ
190124,IDEA,33984041.0,7978819.0,34.05,33.9,2716.79,EQ
190124,IDFC,1053049.0,292627.0,42.45,42.5,124.22,EQ
190124,IDFCFIRSTB,8296185.0,3355764.0,47.1,47.3,1580.56,EQ
190124,IDFNIFTYET,206.0,201.0,107.07,107.0,0.22,EQ
190124,IEX,112155.0,106095.0,160.0,159.2,169.75,EQ
190124,IFBAGRO,2981.0,1219.0,599.3,596.0,7.31,EQ
190124,IFBIND,8272.0,3816.0,863.25,838.3,32.94,EQ
190124,IFCI,2656980.0,870727.0,13.95,14.05,121.47,EQ
190124,IFGLEXPOR,1738.0,961.0,237.55,239.45,2.28,EQ
190124,IGARASHI,5446.0,2101.0,525.15,536.55,11.03,EQ
190124,IGL,950999.0,337212.0,282.9,285.65,953.97,EQ
190124,IGPL,190931.0,87016.0,329.4,386.6,286.63,EQ
190124,IIFL,300722.0,212544.0,448.6,428.0,953.47,EQ
190124,IITL,4.0,3.0,66.6,67.5,0.0,EQ
190124,IL&FSTRANS,950212.0,661777.0,9.35,9.8,61.88,EQ
190124,IMFA,17535.0,11941.0,225.4,231.6,26.92,EQ
190124,IMPAL,317.0,294.0,863.25,867.25,2.54,EQ
190124,INDBANK,5106.0,3262.0,10.05,10.35,0.33,EQ
190124,INDHOTEL,708564.0,624902.0,135.65,137.5,847.68,EQ
190124,INDIACEM,1868534.0,344688.0,83.7,84.0,288.5,EQ
190124,INDIAGLYCO,127741.0,64833.0,292.05,304.1,189.34,EQ
190124,INDIANB,1644817.0,243701.0,255.95,248.5,623.75,EQ
190124,INDIANCARD,316.0,107.0,102.1,100.85,0.11,EQ
190124,INDIANHUME,23664.0,12110.0,325.75,335.55,39.45,EQ
190124,INDIGO,9697495.0,1577663.0,1178.55,1109.3,18593.55,EQ
190124,INDLMETER,9515.0,5479.0,43.2,45.0,2.37,EQ
190124,INDNIPPON,1766.0,1253.0,414.9,412.7,5.2,EQ
190124,INDOCO,56966.0,33405.0,202.95,207.5,67.8,EQ
190124,INDOSTAR,8371.0,5558.0,328.75,328.3,18.27,EQ
190124,INDOTECH,6171.0,3601.0,111.1,114.6,4.0,EQ
190124,INDOTHAI,43028.0,41605.0,28.65,28.3,11.92,EQ
190124,INDOWIND,108271.0,68461.0,5.2,5.65,3.56,EQ
190124,INDRAMEDCO,17674.0,13583.0,38.55,38.8,5.24,EQ
190124,INDSWFTLAB,19726.0,15809.0,47.4,43.1,7.49,EQ
190124,INDSWFTLTD,15354.0,11167.0,6.1,5.95,0.68,EQ
190124,INDTERRAIN,8652.0,7009.0,132.25,131.15,9.27,EQ
190124,INDUSINDBK,1088512.0,419711.0,1490.3,1495.0,6254.95,EQ
190124,INEOSSTYRO,1727.0,1563.0,661.4,672.2,10.34,EQ
190124,INFIBEAM,11707332.0,2307707.0,45.35,43.2,1046.55,EQ
190124,INFRABEES,42.0,32.0,307.02,308.47,0.1,EQ
190124,INFRATEL,11122963.0,2634439.0,263.0,277.0,6928.57,EQ
190124,INFY,7429783.0,3721327.0,732.0,731.65,27240.11,EQ
190124,INGERRAND,11724.0,7358.0,596.55,592.35,43.89,EQ
190124,INNOVATIVE,3000.0,3000.0,23.05,22.95,0.69,SM
190124,INOXLEISUR,18320.0,10413.0,248.05,248.05,25.83,EQ
190124,INOXWIND,26945.0,11176.0,71.6,72.35,8.0,EQ
190124,INSECTICID,22333.0,10441.0,619.4,634.0,64.67,EQ
190124,INSPIRISYS,939.0,932.0,56.0,56.55,0.52,EQ
190124,INTELLECT,172656.0,74348.0,212.35,210.7,157.88,EQ
190124,INTENTECH,13366.0,10268.0,38.05,38.35,3.91,EQ
190124,INVENTURE,6934.0,5280.0,14.05,14.4,0.74,EQ
190124,IOB,253356.0,141819.0,13.9,14.0,19.71,EQ
190124,IOC,6161313.0,3031861.0,136.8,136.1,4147.59,EQ
190124,IOLCP,535443.0,195966.0,217.15,215.6,425.54,EQ
190124,IPAPPM,40195.0,27825.0,432.1,443.95,120.23,EQ
190124,IPCALAB,87845.0,74331.0,784.35,781.75,583.02,EQ
190124,IRB,1231285.0,377491.0,143.35,147.2,541.13,EQ
190124,IRCON,46112.0,29950.0,384.65,389.9,115.2,EQ
190124,ISEC,191812.0,145372.0,207.3,211.2,301.36,EQ
190124,ISFT,1563.0,908.0,156.15,156.95,1.42,EQ
190124,ITC,28026449.0,10907834.0,278.9,277.3,30421.95,EQ
190124,ITDC,7520.0,3103.0,289.4,294.1,8.98,EQ
190124,ITDCEM,69153.0,44997.0,121.9,121.9,54.85,EQ
190124,ITI,909507.0,177032.0,102.85,104.6,182.08,EQ
190124,IVC,348415.0,169429.0,6.35,6.65,10.76,EQ
190124,IVP,322.0,260.0,115.45,119.0,0.3,EQ
190124,IVRCLINFRA,320074.0,228092.0,0.95,1.0,2.17,EQ
190124,IVZINGOLD,3.0,2.0,2939.0,2912.0,0.06,EQ
190124,IVZINNIFTY,1.0,1.0,1136.6,1143.0,0.01,EQ
190124,IZMO,11392.0,6385.0,63.6,63.3,4.06,EQ
190124,J&KBANK,856145.0,533681.0,39.1,38.7,208.67,EQ
190124,JAGRAN,43567.0,36377.0,107.45,110.0,39.09,EQ
190124,JAGSNPHARM,7992.0,7291.0,31.5,31.6,2.3,EQ
190124,JAIBALAJI,4163.0,2956.0,17.5,18.0,0.52,EQ
190124,JAICORPLTD,529157.0,129303.0,106.7,108.0,137.97,EQ
190124,JAKHARIA,11200.0,11200.0,182.0,181.25,20.38,SM
190124,JAMNAAUTO,1093878.0,682242.0,57.4,59.75,391.61,EQ
190124,JASH,6000.0,4800.0,88.0,94.9,4.22,SM
190124,JAYAGROGN,8822.0,6461.0,208.25,212.6,13.46,EQ
190124,JAYBARMARU,16341.0,5859.0,263.5,267.5,15.44,EQ
190124,JAYSREETEA,163328.0,38752.0,79.15,77.7,30.67,EQ
190124,JBCHEPHARM,8916.0,7531.0,318.0,319.55,23.95,EQ
190124,JBFIND,48934.0,27338.0,20.0,20.65,5.47,EQ
190124,JBMA,3463.0,2432.0,276.3,276.5,6.72,EQ
190124,JCHAC,431.0,269.0,1780.05,1769.65,4.79,EQ
190124,JETAIRWAYS,12514642.0,634358.0,265.85,265.5,1686.44,EQ
190124,JHS,21847.0,17428.0,27.85,28.9,4.85,EQ
190124,JINDALPHOT,2863.0,1832.0,29.35,30.4,0.54,EQ
190124,JINDALPOLY,26094.0,20106.0,249.45,249.7,50.15,EQ
190124,JINDALSAW,185047.0,99887.0,76.4,77.7,76.31,EQ
190124,JINDALSTEL,10485698.0,1305399.0,141.65,139.5,1849.1,EQ
190124,JINDRILL,99353.0,20976.0,114.25,109.9,23.97,EQ
190124,JINDWORLD,268782.0,19271.0,72.6,72.35,13.99,EQ
190124,JISLDVREQS,70765.0,32861.0,43.9,44.55,14.43,EQ
190124,JISLJALEQS,6885259.0,1628608.0,60.6,60.85,986.94,EQ
190124,JKCEMENT,11919.0,4813.0,716.95,712.6,34.51,EQ
190124,JKIL,72108.0,52850.0,116.95,118.1,61.81,EQ
190124,JKLAKSHMI,15105.0,5770.0,293.8,296.0,16.95,EQ
190124,JKPAPER,606997.0,347431.0,143.3,147.0,497.87,EQ
190124,JKTYRE,228938.0,112762.0,95.5,97.0,107.69,EQ
190124,JMA,190.0,163.0,163.1,164.0,0.27,EQ
190124,JMCPROJECT,23163.0,12071.0,88.9,90.5,10.73,EQ
190124,JMFINANCIL,569950.0,216301.0,83.3,83.0,180.18,EQ
190124,JMTAUTOLTD,65116.0,46243.0,3.1,3.25,1.43,EQ
190124,JOCIL,2806.0,2802.0,121.25,117.7,3.4,EQ
190124,JPASSOCIAT,11290161.0,4295504.0,6.75,6.95,289.95,EQ
190124,JPINFRATEC,1312835.0,793678.0,3.5,3.35,27.78,EQ
190124,JPOLYINVST,2566.0,1708.0,36.0,36.5,0.61,EQ
190124,JPPOWER,1846265.0,967880.0,1.95,1.95,18.87,EQ
190124,JSL,461452.0,245291.0,29.15,28.4,71.5,EQ
190124,JSLHISAR,144102.0,58640.0,82.15,81.7,48.17,EQ
190124,JSWENERGY,285940.0,166278.0,67.8,68.55,112.74,EQ
190124,JSWHL,21011.0,5840.0,2648.7,2485.1,154.68,EQ
190124,JSWSTEEL,3705336.0,846799.0,283.65,280.9,2401.95,EQ
190124,JTEKTINDIA,43742.0,34152.0,105.15,104.1,35.91,EQ
190124,JUBILANT,327211.0,98002.0,723.2,757.2,708.75,EQ
190124,JUBLFOOD,1660507.0,589330.0,1179.65,1173.25,6952.03,EQ
190124,JUBLINDS,6895.0,4042.0,110.9,109.65,4.48,EQ
190124,JUNIORBEES,60382.0,50291.0,280.61,281.16,141.12,EQ
190124,JUSTDIAL,1423274.0,130216.0,482.55,484.4,628.36,EQ
190124,JYOTHYLAB,669512.0,318419.0,179.9,191.55,572.84,EQ
190124,KABRAEXTRU,17728.0,12815.0,70.45,73.25,9.03,EQ
190124,KAJARIACER,740561.0,325146.0,537.15,548.55,1746.52,EQ
190124,KAKATCEM,5815.0,3567.0,189.4,192.25,6.76,EQ
190124,KALPATPOWR,8047.0,4092.0,375.6,379.5,15.37,EQ
190124,KAMATHOTEL,23729.0,19913.0,44.75,45.25,8.91,EQ
190124,KAMDHENU,50579.0,20409.0,171.6,168.5,35.02,EQ
190124,KANANIIND,104.0,54.0,4.9,4.8,0.0,EQ
190124,KANORICHEM,25283.0,12387.0,69.35,69.9,8.59,EQ
190124,KANSAINER,57956.0,36655.0,454.4,447.7,166.56,EQ
190124,KARDA,18311.0,9349.0,194.0,200.6,18.14,EQ
190124,KARMAENG,615.0,400.0,18.6,19.0,0.07,EQ
190124,KARURVYSYA,607901.0,527475.0,92.0,92.0,485.28,EQ
190124,KAUSHALYA,300.0,300.0,1.0,1.0,0.0,EQ
190124,KAVVERITEL,2128.0,1673.0,7.05,7.1,0.12,EQ
190124,KAYA,4832.0,2769.0,731.8,728.3,20.26,EQ
190124,KCP,21087.0,14958.0,86.75,86.85,12.98,EQ
190124,KCPSUGIND,92942.0,48222.0,17.8,17.85,8.58,EQ
190124,KDDL,206.0,142.0,484.9,481.25,0.69,EQ
190124,KEC,414167.0,270847.0,253.0,259.6,685.24,EQ
190124,KECL,14176.0,11092.0,18.8,18.75,2.09,EQ
190124,KEI,131512.0,84254.0,353.8,361.85,298.09,EQ
190124,KESARENT,1263.0,952.0,27.5,27.75,0.26,EQ
190124,KESORAMIND,108254.0,52067.0,78.5,81.2,40.87,EQ
190124,KEYCORPSER,10.0,10.0,52.6,52.6,0.01,EQ
190124,KHADIM,1198.0,812.0,488.85,486.2,3.97,EQ
190124,KICL,751.0,554.0,1543.25,1561.95,8.55,EQ
190124,KILITCH,114488.0,39538.0,225.95,235.2,89.34,EQ
190124,KINGFA,2071.0,1909.0,742.65,744.5,14.18,EQ
190124,KIOCL,10635.0,4079.0,141.8,139.35,5.78,EQ
190124,KIRIINDUS,62954.0,45057.0,440.25,443.4,198.36,EQ
190124,KIRLOSBROS,19100.0,10302.0,143.15,143.65,14.75,EQ
190124,KIRLOSENG,8948.0,6017.0,180.4,182.65,10.85,EQ
190124,KIRLOSIND,959.0,208.0,875.0,862.1,1.82,EQ
190124,KITEX,20674.0,16167.0,104.95,107.0,16.97,EQ
190124,KKCL,1583.0,1153.0,1208.35,1152.1,13.93,EQ
190124,KMSUGAR,68004.0,39857.0,8.05,8.0,3.21,EQ
190124,KNRCON,92315.0,57810.0,210.15,210.3,121.49,EQ
190124,KOHINOOR,56546.0,23859.0,33.95,34.0,8.1,EQ
190124,KOKUYOCMLN,12665.0,6648.0,105.45,105.9,7.01,EQ
190124,KOLTEPATIL,234454.0,55130.0,265.25,253.45,146.23,EQ
190124,KOPRAN,83754.0,51490.0,41.25,41.35,21.24,EQ
190124,KOTAKBANK,1459776.0,582583.0,1267.75,1276.5,7385.7,EQ
190124,KOTAKBKETF,162916.0,156004.0,279.06,279.52,435.34,EQ
190124,KOTAKGOLD,8702.0,7228.0,281.45,283.0,20.34,EQ
190124,KOTAKNIFTY,48378.0,43203.0,111.12,111.05,48.01,EQ
190124,KOTAKNV20,2348.0,1632.0,54.69,54.38,0.89,EQ
190124,KOTAKPSUBK,1378.0,1313.0,298.99,297.86,3.93,EQ
190124,KOTARISUG,9773.0,8402.0,9.65,9.75,0.81,EQ
190124,KOTHARIPET,962.0,852.0,20.7,21.3,0.18,EQ
190124,KOTHARIPRO,931.0,276.0,97.1,96.8,0.27,EQ
190124,KPIT,35704029.0,4283675.0,128.95,216.65,5523.8,EQ
190124,KPRMILL,12225.0,8799.0,531.85,534.6,46.8,EQ
190124,KRBL,176473.0,49730.0,353.15,361.95,175.62,EQ
190124,KREBSBIO,970.0,505.0,112.5,113.95,0.57,EQ
190124,KRIDHANINF,38799.0,26758.0,42.0,43.05,11.24,EQ
190124,KRITIKA,4000.0,4000.0,41.6,41.2,1.66,SM
190124,KSB,4031.0,2728.0,693.2,701.65,18.91,EQ
190124,KSCL,500097.0,57605.0,576.75,554.65,332.24,EQ
190124,KSERASERA,625865.0,317372.0,0.1,0.15,0.32,EQ
190124,KSHITIJPOL,28000.0,28000.0,30.9,30.9,8.65,SM
190124,KSK,499954.0,375005.0,1.45,1.45,5.44,EQ
190124,KSL,29354.0,15026.0,209.2,214.35,31.43,EQ
190124,KTIL,3192.0,2152.0,60.45,61.75,1.3,EQ
190124,KTKBANK,1397681.0,356557.0,120.7,118.5,430.36,EQ
190124,KWALITY,1859099.0,767792.0,7.0,7.2,53.75,EQ
190124,L&TFH,3490759.0,555656.0,137.5,136.6,764.03,EQ
190124,LAGNAM,3000.0,3000.0,16.5,16.6,0.5,SM
190124,LAKSHVILAS,391004.0,249449.0,69.35,70.05,172.99,EQ
190124,LALPATHLAB,52842.0,14885.0,1020.55,1070.0,151.91,EQ
190124,LAMBODHARA,70222.0,20065.0,44.4,43.85,8.91,EQ
190124,LAOPALA,3488.0,1732.0,215.5,216.3,3.73,EQ
190124,LAURUSLABS,11600.0,7438.0,377.7,375.7,28.09,EQ
190124,LAXMIMACH,1112.0,672.0,5461.35,5518.35,36.7,EQ
190124,LEEL,411689.0,145273.0,39.15,40.45,56.87,EQ
190124,LEMONTREE,768847.0,670668.0,67.7,68.85,454.04,EQ
190124,LEXUS,2000.0,1000.0,23.0,23.25,0.23,SM
190124,LGBBROSLTD,5526.0,5253.0,409.1,406.8,21.49,EQ
190124,LIBAS,6000.0,6000.0,52.8,50.3,3.17,SM
190124,LIBERTSHOE,37171.0,11937.0,159.05,160.3,18.99,EQ
190124,LICHSGFIN,922672.0,214826.0,469.6,466.95,1008.82,EQ
190124,LICNETFGSC,85.0,85.0,17.86,17.95,0.02,EQ
190124,LICNETFN50,18.0,14.0,112.0,112.94,0.02,EQ
190124,LICNETFSEN,6.0,6.0,362.01,363.0,0.02,EQ
190124,LICNFNHGP,105.0,100.0,112.4,113.3,0.11,EQ
190124,LINCOLN,62294.0,44124.0,200.2,207.3,88.34,EQ
190124,LINCPEN,938.0,209.0,252.0,252.6,0.53,EQ
190124,LINDEINDIA,1500325.0,198477.0,710.8,653.6,1410.77,EQ
190124,LIQUIDBEES,544761.0,354282.0,1000.0,999.99,3542.82,EQ
190124,LIQUIDETF,14709.0,14365.0,1000.01,999.99,143.65,EQ
190124,LOKESHMACH,5009.0,2129.0,44.2,44.7,0.94,EQ
190124,LOTUSEYE,4610.0,3150.0,25.4,25.65,0.8,EQ
190124,LOVABLE,10015.0,5481.0,105.15,106.75,5.76,EQ
190124,LPDC,27598.0,25915.0,4.1,4.3,1.06,EQ
190124,LSIL,242881.0,241108.0,1.1,1.1,2.65,EQ
190124,LT,1654706.0,793380.0,1295.35,1301.45,10277.05,EQ
190124,LTI,65547.0,37553.0,1747.0,1756.95,656.05,EQ
190124,LTTS,48407.0,21214.0,1680.9,1669.85,356.59,EQ
190124,LUMAXIND,818.0,613.0,1640.9,1652.7,10.06,EQ
190124,LUMAXTECH,5880.0,3378.0,171.2,171.35,5.78,EQ
190124,LUPIN,701634.0,165224.0,868.4,864.6,1434.81,EQ
190124,LUXIND,41962.0,4732.0,1238.7,1256.65,58.62,EQ
190124,LYKALABS,15708.0,12436.0,25.8,26.55,3.21,EQ
190124,LYPSAGEMS,29846.0,15356.0,8.45,8.55,1.3,EQ
190124,M&M,3891245.0,1652540.0,697.3,695.85,11523.16,EQ
190124,M&MFIN,2516921.0,1341019.0,422.25,434.7,5662.45,EQ
190124,M100,27936.0,24695.0,17.92,18.07,4.43,EQ
190124,M50,811.0,539.0,104.15,104.64,0.56,EQ
190124,MAANALU,3830.0,2186.0,93.7,94.95,2.05,EQ
190124,MACPOWER,1000.0,0.0,148.95,145.0,0.0,SM
190124,MADHAV,691.0,625.0,44.45,43.5,0.28,EQ
190124,MADHUCON,16495.0,14464.0,6.3,6.15,0.91,EQ
190124,MADRASFERT,52767.0,27091.0,24.55,25.0,6.65,EQ
190124,MAGADSUGAR,1106.0,833.0,87.0,86.95,0.72,EQ
190124,MAGMA,59929.0,36474.0,102.6,105.2,37.42,EQ
190124,MAGNUM,3354.0,3115.0,6.15,6.35,0.19,EQ
190124,MAHABANK,1669691.0,676120.0,13.95,14.55,94.32,EQ
190124,MAHASTEEL,19163.0,6839.0,79.2,81.05,5.42,EQ
190124,MAHESHWARI,12000.0,12000.0,194.0,192.0,23.28,SM
190124,MAHINDCIE,328177.0,271159.0,231.8,231.4,628.55,EQ
190124,MAHLIFE,31687.0,16898.0,414.35,410.85,70.02,EQ
190124,MAHLOG,10605.0,7575.0,513.2,503.7,38.87,EQ
190124,MAHSCOOTER,7296.0,3491.0,3192.2,3195.85,111.44,EQ
190124,MAHSEAMLES,26118.0,13831.0,485.0,490.95,67.08,EQ
190124,MAITHANALL,68751.0,50796.0,397.85,420.45,202.09,EQ
190124,MAJESCO,29526.0,10265.0,475.95,480.8,48.86,EQ
190124,MALUPAPER,18293.0,15413.0,35.15,36.85,5.42,EQ
190124,MAN50ETF,216.0,216.0,108.85,109.1,0.24,EQ
190124,MANAKALUCO,5305.0,5128.0,7.25,7.4,0.37,EQ
190124,MANAKCOAT,3486.0,3482.0,6.75,6.7,0.24,EQ
190124,MANAKSIA,11110.0,6112.0,39.4,39.75,2.41,EQ
190124,MANAKSTEEL,5506.0,3015.0,19.25,18.85,0.58,EQ
190124,MANALIPETC,508411.0,333183.0,25.7,27.2,85.63,EQ
190124,MANAPPURAM,2850625.0,1819593.0,99.05,97.9,1802.31,EQ
190124,MANDHANA,21427.0,16460.0,4.15,4.25,0.68,EQ
190124,MANGALAM,9676.0,7944.0,69.1,69.75,5.49,EQ
190124,MANGCHEFER,3167.0,1983.0,41.5,41.5,0.82,EQ
190124,MANGLMCEM,1082.0,671.0,222.35,224.8,1.49,EQ
190124,MANGTIMBER,6701.0,5782.0,19.05,19.3,1.1,EQ
190124,MANINDS,31937.0,18393.0,63.6,64.4,11.7,EQ
190124,MANINFRA,45495.0,23966.0,36.55,36.8,8.76,EQ
190124,MANPASAND,113151.0,49891.0,80.5,81.7,40.16,EQ
190124,MANUGRAPH,70.0,31.0,29.6,29.7,0.01,EQ
190124,MARALOVER,36025.0,31656.0,28.2,28.25,8.93,EQ
190124,MARATHON,2719.0,1735.0,114.3,118.55,1.98,EQ
190124,MARICO,904818.0,557410.0,373.95,376.55,2084.43,EQ
190124,MARINE,112000.0,86000.0,90.0,90.9,77.4,SM
190124,MARKSANS,548550.0,282676.0,27.1,27.05,76.61,EQ
190124,MARUTI,520703.0,136838.0,7040.6,7045.4,9634.22,EQ
190124,MASFIN,2206.0,816.0,536.55,544.3,4.38,EQ
190124,MASTEK,618320.0,142952.0,422.5,412.7,603.97,EQ
190124,MATRIMONY,1119.0,912.0,442.2,449.8,4.03,EQ
190124,MAWANASUG,21016.0,15129.0,43.45,44.25,6.57,EQ
190124,MAXINDIA,198456.0,168265.0,85.55,85.45,143.95,EQ
190124,MAXVIL,13041.0,9014.0,51.2,52.1,4.62,EQ
190124,MAYURUNIQ,8989.0,5717.0,371.0,384.55,21.21,EQ
190124,MAZDA,1166.0,765.0,272.5,276.6,2.08,EQ
190124,MBLINFRA,113794.0,96698.0,14.85,13.6,14.36,EQ
190124,MCDHOLDING,3727.0,2709.0,26.35,27.0,0.71,EQ
190124,MCDOWELL-N,4920065.0,386502.0,571.75,580.25,2209.83,EQ
190124,MCL,8400.0,8400.0,189.0,181.6,15.88,SM
190124,MCLEODRUSS,359169.0,62257.0,106.55,104.3,66.33,EQ
190124,MCX,200547.0,72445.0,718.2,729.8,520.3,EQ
190124,MEGH,285281.0,132916.0,56.6,57.1,75.23,EQ
190124,MENONBE,6833.0,2393.0,81.55,82.15,1.95,EQ
190124,MEP,204620.0,67295.0,40.1,40.3,26.99,EQ
190124,MERCATOR,286720.0,199197.0,9.5,9.95,18.92,EQ
190124,MERCK,6504.0,4063.0,3306.2,3304.25,134.33,EQ
190124,METALFORGE,30042.0,17066.0,9.5,9.25,1.62,EQ
190124,MFSL,225365.0,48271.0,441.0,438.95,212.88,EQ
190124,MGL,91096.0,40056.0,907.35,904.55,363.45,EQ
190124,MHRIL,40659.0,24471.0,205.7,206.5,50.34,EQ
190124,MIC,553633.0,448372.0,0.9,0.95,4.04,EQ
190124,MIDHANI,68473.0,21454.0,125.3,123.8,26.88,EQ
190124,MINDACORP,133588.0,102139.0,147.15,144.9,150.3,EQ
190124,MINDAIND,363961.0,116298.0,299.45,294.6,348.25,EQ
190124,MINDTECK,737.0,532.0,38.75,38.75,0.21,EQ
190124,MINDTREE,2027003.0,214216.0,910.4,906.55,1950.22,EQ
190124,MIRCELECTR,121118.0,76739.0,24.5,24.95,18.8,EQ
190124,MIRZAINT,41180.0,25152.0,75.6,76.4,19.01,EQ
190124,MMFL,5260.0,2743.0,510.45,515.05,14.0,EQ
190124,MMP,600.0,600.0,195.0,193.0,1.17,SM
190124,MMTC,442641.0,194813.0,27.9,28.05,54.35,EQ
190124,MOHITIND,5888.0,5840.0,10.05,10.1,0.59,EQ
190124,MOHOTAIND,147691.0,129385.0,60.75,64.35,78.6,EQ
190124,MOIL,53540.0,33548.0,160.95,160.9,54.0,EQ
190124,MOLDTECH,80071.0,29133.0,50.8,52.35,14.8,EQ
190124,MOLDTKPAC,16984.0,11554.0,261.55,265.1,30.22,EQ
190124,MONSANTO,579.0,412.0,2542.7,2553.3,10.48,EQ
190124,MONTECARLO,5579.0,4168.0,374.2,376.8,15.6,EQ
190124,MORARJEE,980.0,906.0,23.65,23.75,0.21,EQ
190124,MOREPENLAB,564522.0,253440.0,20.8,20.3,52.72,EQ
190124,MOTHERSUMI,5785444.0,1894772.0,154.05,157.55,2918.9,EQ
190124,MOTILALOFS,202723.0,42950.0,643.3,664.15,276.3,EQ
190124,MOTOGENFIN,1030.0,565.0,49.0,49.0,0.28,EQ
190124,MPHASIS,522968.0,183428.0,921.25,897.95,1689.83,EQ
190124,MPSLTD,1558.0,753.0,467.05,465.55,3.52,EQ
190124,MPTODAY,4000.0,2000.0,40.0,40.45,0.8,SM
190124,MRF,4134.0,1767.0,64902.75,66072.05,1146.83,EQ
190124,MRO-TEK,1295.0,1292.0,40.75,42.0,0.53,EQ
190124,MRPL,535744.0,179818.0,69.65,69.15,125.24,EQ
190124,MSPL,3830.0,2352.0,12.25,12.15,0.29,EQ
190124,MTEDUCARE,64402.0,33155.0,65.8,64.1,21.82,EQ
190124,MTNL,386209.0,272985.0,14.7,14.8,40.13,EQ
190124,MUKANDENGG,1467.0,1040.0,20.75,21.15,0.22,EQ
190124,MUKANDLTD,62675.0,13350.0,53.6,55.05,7.16,EQ
190124,MUKTAARTS,54826.0,10552.0,39.45,37.7,4.16,EQ
190124,MUNJALAU,13953.0,9580.0,55.9,56.05,5.36,EQ
190124,MUNJALSHOW,6392.0,4613.0,173.6,173.0,8.01,EQ
190124,MURUDCERA,68845.0,56073.0,22.85,23.15,12.81,EQ
190124,MUTHOOTCAP,6248.0,4511.0,929.55,937.3,41.93,EQ
190124,MUTHOOTFIN,685146.0,160520.0,541.1,541.7,868.57,EQ
190124,MVL,42864.0,25523.0,0.2,0.2,0.05,EQ
190124,N100,15646.0,15094.0,467.21,468.88,70.52,EQ
190124,NACLIND,17762.0,17648.0,27.3,27.4,4.82,EQ
190124,NAGAFERT,266567.0,128223.0,8.8,8.65,11.28,EQ
190124,NAGAROIL,165356.0,94891.0,0.65,0.65,0.62,EQ
190124,NAGREEKCAP,13674.0,7182.0,13.6,14.05,0.98,EQ
190124,NAGREEKEXP,4470.0,3696.0,22.7,23.0,0.84,EQ
190124,NAHARCAP,742.0,519.0,93.1,92.3,0.48,EQ
190124,NAHARINDUS,13292.0,10967.0,53.45,55.2,5.86,EQ
190124,NAHARPOLY,1041.0,608.0,37.8,38.3,0.23,EQ
190124,NAHARSPING,5859.0,4813.0,91.5,92.55,4.4,EQ
190124,NARMADA,4000.0,4000.0,19.0,19.0,0.76,SM
190124,NATCOPHARM,219246.0,56539.0,680.55,688.85,384.78,EQ
190124,NATHBIOGEN,4455.0,3118.0,405.75,410.65,12.65,EQ
190124,NATIONALUM,2839521.0,1340432.0,61.85,61.7,829.06,EQ
190124,NATNLSTEEL,10186.0,5254.0,6.55,6.55,0.34,EQ
190124,NAUKRI,614949.0,271559.0,1715.6,1729.05,4658.87,EQ
190124,NAVINFLUOR,110545.0,76870.0,665.05,662.1,511.22,EQ
190124,NAVKARCORP,652473.0,283391.0,48.0,46.2,136.03,EQ
190124,NAVNETEDUL,33294.0,27647.0,108.9,109.05,30.11,EQ
190124,NBCC,4945606.0,1296691.0,56.15,57.0,728.09,EQ
190124,NBIFIN,10.0,10.0,1211.7,1223.95,0.12,EQ
190124,NBVENTURES,48336.0,38286.0,111.9,112.0,42.84,EQ
190124,NCC,4326899.0,859319.0,83.85,85.35,720.54,EQ
190124,NCLIND,11435.0,4836.0,127.0,126.4,6.14,EQ
190124,NDGL,516.0,348.0,826.6,836.8,2.88,EQ
190124,NDL,27368.0,19176.0,59.25,59.85,11.36,EQ
190124,NDTV,13684.0,8610.0,35.15,35.2,3.03,EQ
190124,NECCLTD,20682.0,16314.0,9.1,8.9,1.48,EQ
190124,NECLIFE,94393.0,59770.0,18.8,19.1,11.24,EQ
190124,NELCAST,42670.0,30722.0,77.6,78.7,23.84,EQ
190124,NELCO,39678.0,18170.0,265.5,272.15,48.24,EQ
190124,NESCO,8824.0,7630.0,446.6,447.75,34.08,EQ
190124,NESTLEIND,104618.0,74917.0,11433.4,11315.9,8565.56,EQ
190124,NETWORK18,121292.0,82120.0,37.25,37.85,30.59,EQ
190124,NEULANDLAB,1575.0,736.0,498.25,493.3,3.67,EQ
190124,NEWGEN,42828.0,20650.0,293.05,301.2,60.51,EQ
190124,NFL,241233.0,148558.0,35.3,35.6,52.44,EQ
190124,NH,8791.0,5393.0,190.0,186.0,10.25,EQ
190124,NHPC,1370740.0,635424.0,25.3,25.25,160.76,EQ
190124,NIACL,11247.0,7547.0,179.0,179.3,13.51,EQ
190124,NIBL,977.0,669.0,22.2,22.95,0.15,EQ
190124,NIFTYBEES,20227.0,12567.0,1134.71,1133.15,142.6,EQ
190124,NIFTYEES,1.0,1.0,12750.1,12750.1,0.13,EQ
190124,NIITLTD,2923428.0,781468.0,86.3,93.3,674.41,EQ
190124,NIITTECH,1103506.0,119349.0,1300.7,1274.95,1552.37,EQ
190124,NILAINFRA,157413.0,99484.0,7.35,7.5,7.31,EQ
190124,NILASPACES,481086.0,199536.0,3.3,3.45,6.58,EQ
190124,NILKAMAL,24784.0,17019.0,1294.85,1310.65,220.37,EQ
190124,NIPPOBATRY,565.0,408.0,697.15,699.6,2.84,EQ
190124,NITCO,48810.0,22026.0,39.1,39.4,8.61,EQ
190124,NITESHEST,1392879.0,565412.0,6.95,6.4,39.3,EQ
190124,NITINFIRE,83309.0,49090.0,1.55,1.55,0.76,EQ
190124,NITINSPIN,46560.0,28267.0,86.8,88.15,24.54,EQ
190124,NITIRAJ,8400.0,8400.0,50.95,48.0,4.28,SM
190124,NKIND,1089.0,490.0,44.55,45.0,0.22,EQ
190124,NLCINDIA,93834.0,69608.0,67.65,68.0,47.09,EQ
190124,NMDC,973709.0,449097.0,90.1,89.9,404.64,EQ
190124,NOCIL,546823.0,335078.0,150.1,156.25,502.95,EQ
190124,NOIDATOLL,50990.0,49778.0,7.1,6.95,3.53,EQ
190124,NRAIL,20763.0,13171.0,328.45,351.45,43.26,EQ
190124,NRBBEARING,67624.0,46920.0,200.75,203.0,94.19,EQ
190124,NSIL,171.0,88.0,1075.85,1086.7,0.95,EQ
190124,NTPC,3541981.0,2054203.0,140.05,140.75,2876.91,EQ
190124,NUCLEUS,8568.0,4920.0,365.65,363.7,17.99,EQ
190124,NUTEK,52105.0,33248.0,0.35,0.35,0.12,EQ
190124,OBEROIRLTY,1096773.0,317952.0,471.7,440.2,1499.78,EQ
190124,OCCL,5679.0,2844.0,1150.9,1152.15,32.73,EQ
190124,OFSS,20813.0,8151.0,3796.4,3769.65,309.44,EQ
190124,OIL,693618.0,444012.0,170.0,170.05,754.82,EQ
190124,OILCOUNTUB,5734.0,5040.0,13.95,13.95,0.7,EQ
190124,OISL,960.0,960.0,2.55,2.65,0.02,EQ
190124,OLECTRA,51029.0,30586.0,237.5,233.15,72.64,EQ
190124,OMAXAUTO,98958.0,53053.0,83.05,78.15,44.06,EQ
190124,OMAXE,403794.0,79909.0,212.95,213.5,170.17,EQ
190124,OMMETALS,19279.0,9993.0,35.5,36.75,3.55,EQ
190124,ONEPOINT,4000.0,4000.0,47.5,54.1,1.9,SM
190124,ONGC,3820645.0,2124385.0,141.7,143.3,3010.25,EQ
190124,ONMOBILE,58792.0,35837.0,34.35,34.85,12.31,EQ
190124,ONWARDTEC,57321.0,13917.0,62.35,62.0,8.68,EQ
190124,OPTIEMUS,16062.0,6487.0,112.05,116.1,7.27,EQ
190124,OPTOCIRCUI,224705.0,114603.0,9.2,9.35,10.54,EQ
190124,ORBTEXP,1066.0,856.0,110.9,111.7,0.95,EQ
190124,ORICONENT,40157.0,33779.0,29.6,30.35,10.0,EQ
190124,ORIENTABRA,5368.0,3736.0,26.35,26.0,0.98,EQ
190124,ORIENTALTL,5273.0,3450.0,11.95,12.35,0.41,EQ
190124,ORIENTBANK,2210599.0,177027.0,93.45,92.55,165.43,EQ
190124,ORIENTBELL,33789.0,5038.0,178.05,177.6,8.97,EQ
190124,ORIENTCEM,22896.0,19859.0,75.55,74.85,15.0,EQ
190124,ORIENTELEC,120454.0,105660.0,149.4,148.0,157.86,EQ
190124,ORIENTHOT,149675.0,73024.0,42.0,47.15,30.67,EQ
190124,ORIENTLTD,295.0,166.0,162.5,160.5,0.27,EQ
190124,ORIENTPPR,1627696.0,999106.0,37.9,39.7,378.66,EQ
190124,ORIENTREF,56275.0,33357.0,195.3,213.05,65.15,EQ
190124,ORISSAMINE,6658.0,2713.0,832.35,851.55,22.58,EQ
190124,ORTEL,24281.0,18785.0,4.25,4.25,0.8,EQ
190124,ORTINLABSS,10660.0,7791.0,15.55,15.25,1.21,EQ
190124,OSWALAGRO,28356.0,18931.0,8.25,8.3,1.56,EQ
190124,OSWALSEEDS,4000.0,4000.0,20.9,19.0,0.84,SM
190124,PAEL,25.0,25.0,2.3,2.35,0.0,EQ
190124,PAGEIND,32985.0,10629.0,23172.95,22808.85,2463.05,EQ
190124,PAISALO,16.0,12.0,305.0,309.0,0.04,EQ
190124,PALREDTEC,10344.0,5477.0,38.9,39.0,2.13,EQ
190124,PANACEABIO,12066.0,6744.0,161.95,164.0,10.92,EQ
190124,PANACHE,1600.0,1600.0,83.9,83.4,1.34,SM
190124,PANAMAPET,9966.0,6907.0,121.45,125.15,8.39,EQ
190124,PAPERPROD,8597.0,6682.0,174.5,177.15,11.66,EQ
190124,PARACABLES,226658.0,138843.0,11.0,11.2,15.27,EQ
190124,PARAGMILK,110718.0,70761.0,225.7,233.1,159.71,EQ
190124,PARSVNATH,51741.0,48629.0,6.8,7.0,3.31,EQ
190124,PATELENG,104021.0,42985.0,32.3,32.95,13.88,EQ
190124,PATINTLOG,10955.0,6742.0,43.95,45.0,2.96,EQ
190124,PATSPINLTD,3301.0,2973.0,11.05,11.45,0.33,EQ
190124,PCJEWELLER,7062773.0,1049669.0,76.75,78.25,805.62,EQ
190124,PDMJEPAPER,36120.0,25724.0,21.3,21.65,5.48,EQ
190124,PDPL,46546.0,28668.0,14.3,14.9,4.1,EQ
190124,PDSMFL,2610.0,2602.0,275.75,270.5,7.18,EQ
190124,PEARLPOLY,525.0,330.0,13.35,14.25,0.04,EQ
190124,PEL,377837.0,185820.0,2307.75,2357.85,4288.26,EQ
190124,PENIND,143763.0,91242.0,37.1,37.2,33.85,EQ
190124,PENINLAND,328658.0,222641.0,10.05,10.15,22.38,EQ
190124,PENPEBS,3461.0,2302.0,58.9,58.05,1.36,EQ
190124,PERFECT,6000.0,6000.0,12.8,12.8,0.77,SM
190124,PERSISTENT,334939.0,204752.0,551.9,544.7,1130.03,EQ
190124,PETRONENGG,24554.0,11760.0,33.25,34.4,3.91,EQ
190124,PETRONET,1907820.0,1173553.0,226.3,226.8,2655.75,EQ
190124,PFC,5386754.0,1714785.0,104.75,101.95,1796.24,EQ
190124,PFIZER,12659.0,8637.0,2682.55,2662.65,231.69,EQ
190124,PFOCUS,2789.0,1320.0,58.9,58.6,0.78,EQ
190124,PFS,433230.0,256160.0,16.2,16.5,41.5,EQ
190124,PGEL,74388.0,27399.0,99.3,99.4,27.21,EQ
190124,PGHH,1063.0,554.0,9921.3,9914.85,54.96,EQ
190124,PGIL,5452.0,4589.0,148.75,151.05,6.83,EQ
190124,PHILIPCARB,1296210.0,377619.0,175.4,179.45,662.34,EQ
190124,PHOENIXLTD,78419.0,64418.0,615.2,603.8,396.3,EQ
190124,PIDILITIND,2220551.0,390496.0,1109.35,1131.45,4331.97,EQ
190124,PIIND,37792.0,28060.0,853.2,868.3,239.41,EQ
190124,PIONDIST,6373.0,3327.0,163.9,167.5,5.45,EQ
190124,PIONEEREMB,3727.0,3056.0,26.3,26.55,0.8,EQ
190124,PITTIENG,286200.0,175160.0,55.55,55.45,97.3,EQ
190124,PLASTIBLEN,3554.0,2934.0,179.0,180.3,5.25,EQ
190124,PNB,13272022.0,1475089.0,78.1,77.75,1152.04,EQ
190124,PNBGILTS,101918.0,81712.0,30.9,31.15,25.25,EQ
190124,PNBHOUSING,381131.0,99549.0,925.25,901.9,921.08,EQ
190124,PNC,342.0,337.0,17.3,17.4,0.06,EQ
190124,PNCINFRA,85113.0,65733.0,150.9,151.6,99.19,EQ
190124,PODDARHOUS,374.0,361.0,504.95,513.95,1.82,EQ
190124,PODDARMENT,1674.0,1330.0,185.9,184.55,2.47,EQ
190124,POKARNA,81188.0,64430.0,171.25,170.0,110.34,EQ
190124,POLYMED,5331.0,4143.0,216.75,218.85,8.98,EQ
190124,POLYPLEX,30553.0,23227.0,492.3,490.8,114.35,EQ
190124,PONNIERODE,1008.0,948.0,139.95,138.9,1.33,EQ
190124,POWERFUL,2000.0,2000.0,20.6,22.0,0.41,SM
190124,POWERGRID,3463363.0,2102395.0,186.75,186.3,3926.22,EQ
190124,POWERMECH,803.0,606.0,887.05,910.95,5.38,EQ
190124,PPAP,6460.0,5467.0,332.6,344.25,18.18,EQ
190124,PRABHAT,4157228.0,447817.0,76.25,77.9,341.46,EQ
190124,PRAENG,17940.0,9784.0,8.45,8.45,0.83,EQ
190124,PRAJIND,2627595.0,474274.0,131.75,134.65,624.86,EQ
190124,PRAKASH,556333.0,191714.0,87.4,89.15,167.56,EQ
190124,PRAKASHCON,126933.0,109803.0,4.0,3.95,4.39,EQ
190124,PRAKASHSTL,18386.0,18386.0,0.3,0.3,0.06,EQ
190124,PRAXIS,20049.0,19546.0,166.9,167.05,32.62,EQ
190124,PRECAM,113573.0,105288.0,62.75,62.95,66.07,EQ
190124,PRECOT,466.0,466.0,62.0,62.05,0.29,EQ
190124,PRECWIRE,2289.0,1377.0,221.25,221.7,3.05,EQ
190124,PREMEXPLN,116585.0,34293.0,252.9,265.15,86.73,EQ
190124,PREMIER,44845.0,18447.0,7.9,8.35,1.46,EQ
190124,PREMIERPOL,6921.0,2873.0,27.35,27.2,0.79,EQ
190124,PRESSMN,4781.0,3745.0,31.5,31.1,1.18,EQ
190124,PRESTIGE,107340.0,60983.0,213.95,213.15,130.47,EQ
190124,PRICOLLTD,20152.0,12725.0,46.9,46.35,5.97,EQ
190124,PRIMESECU,33867.0,21690.0,43.3,42.2,9.39,EQ
190124,PROZONINTU,29530.0,21215.0,29.5,29.95,6.26,EQ
190124,PRSMJOHNSN,99607.0,71097.0,79.25,80.8,56.34,EQ
190124,PSB,51372.0,30745.0,28.9,29.45,8.89,EQ
190124,PSL,50812.0,45859.0,1.25,1.3,0.57,EQ
190124,PSPPROJECT,11286.0,8022.0,396.55,406.25,31.81,EQ
190124,PSUBNKBEES,976.0,592.0,330.52,330.51,1.96,EQ
190124,PTC,1066850.0,361924.0,85.45,84.65,309.26,EQ
190124,PTL,15150.0,10632.0,40.55,40.8,4.31,EQ
190124,PUNJABCHEM,11782.0,3756.0,717.75,728.25,26.96,EQ
190124,PUNJLLOYD,520821.0,520821.0,3.35,3.5,17.45,EQ
190124,PURVA,46743.0,21820.0,75.15,74.6,16.4,EQ
190124,PVP,33732.0,13857.0,3.75,3.75,0.52,EQ
190124,PVR,1643831.0,233610.0,1600.4,1607.2,3738.69,EQ
190124,QGOLDHALF,115.0,54.0,1427.1,1429.0,0.77,EQ
190124,QUESS,79820.0,43083.0,646.15,645.15,278.38,EQ
190124,QUICKHEAL,35890.0,18305.0,195.6,199.0,35.8,EQ
190124,RADICO,827349.0,322370.0,427.95,421.5,1379.58,EQ
190124,RADIOCITY,25065.0,24105.0,285.0,284.95,68.7,EQ
190124,RAIN,391171.0,284881.0,120.25,120.05,342.57,EQ
190124,RAJESHEXPO,166006.0,101821.0,574.0,582.35,584.45,EQ
190124,RAJSREESUG,5553.0,3851.0,22.5,22.55,0.87,EQ
190124,RAJTV,551.0,451.0,46.15,46.0,0.21,EQ
190124,RALLIS,387351.0,350471.0,163.9,165.4,574.42,EQ
190124,RAMANEWS,36712.0,32335.0,23.95,24.35,7.74,EQ
190124,RAMASTEEL,46971.0,35296.0,103.65,102.45,36.58,EQ
190124,RAMCOCEM,302930.0,65432.0,599.7,600.95,392.4,EQ
190124,RAMCOIND,39288.0,14497.0,216.8,214.0,31.43,EQ
190124,RAMCOSYS,6857.0,4435.0,240.0,245.6,10.64,EQ
190124,RAMKY,34606.0,23278.0,134.9,139.5,31.4,EQ
190124,RANASUG,60666.0,53082.0,3.2,3.25,1.7,EQ
190124,RANEENGINE,956.0,870.0,454.0,450.0,3.95,EQ
190124,RANEHOLDIN,2829.0,2161.0,1084.2,1078.4,23.43,EQ
190124,RATNAMANI,32263.0,9019.0,890.45,894.3,80.31,EQ
190124,RAYMOND,1010345.0,100897.0,796.15,813.9,803.29,EQ
190124,RBL,3041.0,1561.0,540.55,544.35,8.44,EQ
190124,RBLBANK,423909.0,167799.0,578.15,578.5,970.13,EQ
190124,RCF,640765.0,206150.0,62.2,62.7,128.23,EQ
190124,RCOM,62852835.0,8098766.0,12.85,12.95,1040.69,EQ
190124,RECLTD,3932407.0,1287668.0,122.5,120.95,1577.39,EQ
190124,REDINGTON,1207248.0,1165507.0,73.75,77.8,859.56,EQ
190124,REFEX,116475.0,64510.0,25.9,24.7,16.71,EQ
190124,RELAXO,15564.0,12230.0,723.1,736.35,88.44,EQ
190124,RELCAPITAL,6031067.0,688686.0,212.55,208.9,1463.8,EQ
190124,RELCNX100,38.0,29.0,113.0,114.09,0.03,EQ
190124,RELCONS,156.0,154.0,50.8,50.91,0.08,EQ
190124,RELDIVOPP,243.0,243.0,28.81,28.84,0.07,EQ
190124,RELIABLE,2000.0,2000.0,52.5,55.0,1.05,SM
190124,RELIANCE,13155185.0,3750294.0,1247.45,1226.3,46783.04,EQ
190124,RELIGARE,77031.0,63043.0,25.1,25.0,15.82,EQ
190124,RELINFRA,3634634.0,1015731.0,282.15,281.75,2865.89,EQ
190124,RELNV20,2156.0,1076.0,547.49,546.93,5.89,EQ
190124,REMSONSIND,2757.0,1639.0,112.75,110.7,1.85,EQ
190124,RENUKA,278926.0,174314.0,10.65,10.65,18.56,EQ
190124,REPCOHOME,416058.0,94934.0,407.95,409.1,387.28,EQ
190124,REPL,129000.0,96000.0,44.5,46.0,42.72,SM
190124,REPRO,1086.0,929.0,579.9,585.0,5.39,EQ
190124,RESPONIND,148689.0,27872.0,84.65,89.05,23.59,EQ
190124,REVATHI,111.0,96.0,379.35,386.0,0.36,EQ
190124,RHFL,89900.0,64264.0,38.05,38.05,24.45,EQ
190124,RICOAUTO,74038.0,41333.0,65.85,66.75,27.22,EQ
190124,RIIL,254156.0,22989.0,327.0,330.35,75.17,EQ
190124,RITES,220820.0,128194.0,238.95,245.7,306.32,EQ
190124,RJL,1055.0,982.0,305.15,307.9,3.0,EQ
190124,RKDL,7532.0,6381.0,8.55,8.8,0.55,EQ
190124,RKEC,5000.0,5000.0,51.1,51.7,2.56,SM
190124,RKFORGE,94186.0,81792.0,488.75,490.0,399.76,EQ
190124,RMCL,196645.0,127030.0,25.65,25.95,32.58,EQ
190124,RML,4480.0,3498.0,407.65,418.95,14.26,EQ
190124,RNAM,46757.0,23963.0,146.6,148.55,35.13,EQ
190124,RNAVAL,943310.0,252800.0,12.55,12.65,31.73,EQ
190124,ROHLTD,9309.0,5370.0,116.45,118.25,6.25,EQ
190124,ROLLT,659.0,655.0,2.7,2.6,0.02,EQ
190124,ROLTA,383650.0,381650.0,6.65,6.95,25.38,EQ
190124,ROSSELLIND,3456.0,3441.0,82.0,83.35,2.82,EQ
190124,RPGLIFE,14080.0,6267.0,220.4,226.05,13.81,EQ
190124,RPOWER,7120092.0,1921362.0,28.85,28.1,554.31,EQ
190124,RPPINFRA,8519.0,5289.0,126.5,133.05,6.69,EQ
190124,RRSLGETF,29702.0,29702.0,18.09,18.11,5.37,EQ
190124,RSSOFTWARE,42658.0,22685.0,30.95,31.35,7.02,EQ
190124,RSWM,29830.0,19895.0,222.85,230.4,44.34,EQ
190124,RSYSTEMS,162819.0,119288.0,50.55,54.05,60.3,EQ
190124,RTNINFRA,1139654.0,979003.0,3.6,3.6,35.24,EQ
190124,RTNPOWER,1149885.0,831361.0,3.6,3.65,29.93,EQ
190124,RUBYMILLS,81291.0,14651.0,307.0,302.4,44.98,EQ
190124,RUCHIRA,33201.0,22551.0,110.1,112.7,24.83,EQ
190124,RUPA,37788.0,22992.0,357.4,352.65,82.17,EQ
190124,RUSHIL,1147.0,497.0,526.6,542.85,2.62,EQ
190124,SABTN,17118.0,13647.0,5.65,5.6,0.77,EQ
190124,SADBHAV,32341.0,20888.0,200.05,199.6,41.79,EQ
190124,SADBHIN,6073.0,3154.0,92.35,94.3,2.91,EQ
190124,SAGARDEEP,30000.0,24000.0,95.4,95.0,22.9,SM
190124,SAGCEM,313.0,218.0,625.3,625.55,1.36,EQ
190124,SAIL,6284815.0,673230.0,48.25,48.55,324.83,EQ
190124,SAKAR,18000.0,12000.0,55.5,58.25,6.66,SM
190124,SAKHTISUG,18608.0,12125.0,12.5,12.55,1.52,EQ
190124,SAKSOFT,5103.0,3699.0,275.85,284.1,10.2,EQ
190124,SAKUMA,934483.0,425117.0,38.65,38.65,164.31,EQ
190124,SALASAR,3787.0,2731.0,280.0,282.6,7.65,EQ
190124,SALONA,4355.0,4352.0,72.75,73.1,3.17,EQ
190124,SALORAINTL,60.0,60.0,20.9,21.95,0.01,EQ
190124,SALSTEEL,10430.0,6985.0,6.1,6.25,0.43,EQ
190124,SALZERELEC,8515.0,7025.0,124.5,127.9,8.75,EQ
190124,SAMBHAAV,2494.0,1767.0,4.65,4.85,0.08,EQ
190124,SANCO,3800.0,3612.0,14.8,15.25,0.53,EQ
190124,SANDESH,982.0,624.0,732.9,741.3,4.57,EQ
190124,SANDHAR,6958.0,3730.0,243.85,249.9,9.1,EQ
190124,SANGAMIND,5215.0,4110.0,63.0,63.5,2.59,EQ
190124,SANGHIIND,18754.0,15987.0,57.85,58.9,9.25,EQ
190124,SANGHVIFOR,251.0,247.0,26.85,26.1,0.07,EQ
190124,SANGHVIMOV,21110.0,14864.0,98.85,98.05,14.69,EQ
190124,SANOFI,729.0,508.0,6403.45,6403.3,32.53,EQ
190124,SANWARIA,1004372.0,480834.0,10.1,10.2,48.56,EQ
190124,SARDAEN,7711.0,4065.0,249.15,250.85,10.13,EQ
190124,SAREGAMA,25917.0,11389.0,613.05,617.5,69.82,EQ
190124,SARLAPOLY,9205.0,8031.0,27.55,28.15,2.21,EQ
190124,SARVESHWAR,3200.0,1600.0,29.55,29.1,0.47,SM
190124,SASKEN,12463.0,10546.0,650.25,651.3,68.58,EQ
190124,SASTASUNDR,22204.0,16082.0,86.3,90.0,13.88,EQ
190124,SATHAISPAT,14175.0,13664.0,9.1,9.25,1.24,EQ
190124,SATIN,98646.0,79105.0,257.05,253.9,203.34,EQ
190124,SBIETFQLTY,618.0,581.0,93.4,93.53,0.54,EQ
190124,SBILIFE,129335.0,72561.0,618.25,620.0,448.61,EQ
190124,SBIN,11532528.0,3985981.0,288.05,286.65,11481.62,EQ
190124,SCAPDVR,43285.0,43085.0,0.55,0.6,0.24,EQ
190124,SCHAEFFLER,1789.0,1335.0,5401.95,5411.25,72.12,EQ
190124,SCHAND,7424.0,4545.0,234.2,234.7,10.64,EQ
190124,SCHNEIDER,37279.0,30807.0,92.35,92.9,28.45,EQ
190124,SCI,104633.0,50277.0,42.75,43.05,21.49,EQ
190124,SDBL,14218.0,9734.0,147.95,148.05,14.4,EQ
190124,SEAMECLTD,297604.0,176792.0,290.65,282.2,513.85,EQ
190124,SELAN,43615.0,25004.0,172.6,175.4,43.16,EQ
190124,SEPOWER,2470.0,2470.0,4.5,4.3,0.11,EQ
190124,SEQUENT,1134545.0,286669.0,84.1,82.85,241.09,EQ
190124,SESHAPAPER,4138.0,3329.0,1045.35,1061.55,34.8,EQ
190124,SETCO,63839.0,47648.0,32.7,33.15,15.58,EQ
190124,SETFGOLD,245.0,156.0,2902.2,2912.05,4.53,EQ
190124,SETFNIF50,26196.0,14201.0,110.62,110.38,15.71,EQ
190124,SETFNIFBK,231256.0,170480.0,275.93,275.22,470.41,EQ
190124,SETFNN50,654.0,654.0,276.31,277.94,1.81,EQ
190124,SFL,7007.0,6569.0,1267.85,1265.1,83.29,EQ
190124,SGL,482.0,326.0,8.1,8.15,0.03,EQ
190124,SHAHALLOYS,7648.0,5628.0,19.9,19.2,1.12,EQ
190124,SHAKTIPUMP,26712.0,11818.0,393.6,401.45,46.52,EQ
190124,SHALBY,14235.0,10677.0,143.65,143.6,15.34,EQ
190124,SHALPAINTS,56759.0,33704.0,66.8,68.5,22.51,EQ
190124,SHANKARA,538515.0,491795.0,447.55,470.85,2201.03,EQ
190124,SHANTI,6000.0,6000.0,33.75,33.75,2.02,SM
190124,SHANTIGEAR,24318.0,21352.0,128.05,126.45,27.34,EQ
190124,SHARDACROP,161677.0,35554.0,303.35,300.0,107.85,EQ
190124,SHARDAMOTR,518.0,429.0,1410.0,1426.85,6.05,EQ
190124,SHARIABEES,1.0,1.0,239.9,240.46,0.0,EQ
190124,SHEMAROO,20236.0,15846.0,402.25,414.6,63.74,EQ
190124,SHILPAMED,13245.0,9160.0,405.7,398.4,37.16,EQ
190124,SHIRPUR-G,1992.0,576.0,81.8,82.95,0.47,EQ
190124,SHIVAMAUTO,19502.0,11738.0,41.45,42.0,4.87,EQ
190124,SHIVAMILLS,752.0,494.0,53.25,54.5,0.26,EQ
190124,SHIVATEX,520.0,441.0,190.15,190.1,0.84,EQ
190124,SHK,214837.0,191074.0,170.75,171.65,326.26,EQ
190124,SHOPERSTOP,11045.0,6254.0,519.8,518.15,32.51,EQ
190124,SHRADHA,4000.0,4000.0,63.0,63.0,2.52,SM
190124,SHREECEM,27535.0,5944.0,16170.55,16103.35,961.18,EQ
190124,SHREEPUSHK,48059.0,17249.0,142.0,148.85,24.49,EQ
190124,SHREERAMA,5290.0,3474.0,5.7,5.9,0.2,EQ
190124,SHRENIK,98125.0,60000.0,91.95,94.1,55.17,SM
190124,SHREYANIND,20380.0,14243.0,128.0,132.25,18.23,EQ
190124,SHREYAS,14756.0,11642.0,203.45,199.8,23.69,EQ
190124,SHRIRAMCIT,2069.0,1567.0,1723.85,1752.2,27.01,EQ
190124,SHRIRAMEPC,21553.0,11310.0,10.25,10.45,1.16,EQ
190124,SHUBHLAXMI,8000.0,8000.0,40.8,40.9,3.26,SM
190124,SHYAMCENT,47650.0,44977.0,5.8,6.1,2.61,EQ
190124,SHYAMTEL,1017.0,1017.0,6.7,6.9,0.07,EQ
190124,SICAGEN,2875.0,1973.0,23.85,24.1,0.47,EQ
190124,SICAL,5742.0,4973.0,144.0,144.45,7.16,EQ
190124,SIEMENS,361633.0,47505.0,1027.95,1045.0,488.33,EQ
190124,SIGIND,8767.0,7132.0,45.45,46.5,3.24,EQ
190124,SIIL,2000.0,2000.0,47.25,49.7,0.94,SM
190124,SILINV,2636.0,1344.0,203.25,204.05,2.73,EQ
190124,SILLYMONKS,1200.0,1200.0,69.65,68.35,0.84,SM
190124,SIMBHALS,2474.0,1877.0,10.15,10.2,0.19,EQ
190124,SIMPLEXINF,21029.0,15009.0,168.5,173.3,25.29,EQ
190124,SINTERCOM,2000.0,2000.0,62.0,60.0,1.24,SM
190124,SINTEX,858527.0,460114.0,11.1,11.25,51.07,EQ
190124,SIRCA,9600.0,4800.0,239.9,241.5,11.52,SM
190124,SIS,3397.0,2695.0,780.4,778.25,21.03,EQ
190124,SITINET,380588.0,308807.0,9.2,9.0,28.41,EQ
190124,SIYSIL,7001.0,5281.0,321.2,329.75,16.96,EQ
190124,SJVN,150205.0,141473.0,25.8,25.8,36.5,EQ
190124,SKFINDIA,16221.0,7507.0,1924.85,1924.85,144.5,EQ
190124,SKIL,44926.0,30945.0,17.7,16.95,5.48,EQ
190124,SKIPPER,107112.0,70209.0,71.5,74.2,50.2,EQ
190124,SKMEGGPROD,24646.0,14238.0,61.45,62.75,8.75,EQ
190124,SKSTEXTILE,2000.0,2000.0,40.0,40.8,0.8,SM
190124,SMARTLINK,3526.0,1238.0,85.0,84.45,1.05,EQ
190124,SMLISUZU,4919.0,3009.0,611.15,615.65,18.39,EQ
190124,SMSLIFE,31755.0,9489.0,643.4,677.0,61.05,EQ
190124,SMSPHARMA,23518.0,15503.0,70.75,72.5,10.97,EQ
190124,SNOWMAN,76346.0,50776.0,32.7,33.2,16.6,EQ
190124,SOBHA,147789.0,64342.0,502.5,503.1,323.32,EQ
190124,SOLARA,132469.0,76598.0,368.0,345.75,281.88,EQ
190124,SOLARINDS,2072.0,1245.0,1004.8,1009.7,12.51,EQ
190124,SOMANYCERA,17498.0,9389.0,350.25,353.65,32.88,EQ
190124,SOMATEX,3982.0,3381.0,4.8,4.85,0.16,EQ
190124,SOMICONVEY,248.0,223.0,30.65,31.0,0.07,EQ
190124,SONATSOFTW,69068.0,32758.0,321.0,321.35,105.15,EQ
190124,SONISOYA,12000.0,12000.0,22.85,22.9,2.74,SM
190124,SORILINFRA,43574.0,20774.0,324.1,334.65,67.33,EQ
190124,SOTL,624.0,415.0,944.8,950.0,3.92,EQ
190124,SOUTHBANK,9411258.0,4167486.0,13.8,13.95,575.11,EQ
190124,SOUTHWEST,1600.0,1600.0,43.5,43.5,0.7,SM
190124,SPAL,4726.0,3883.0,223.6,225.9,8.68,EQ
190124,SPARC,1758169.0,303489.0,171.95,172.7,521.85,EQ
190124,SPECIALITY,67937.0,33690.0,95.7,98.4,32.24,EQ
190124,SPIC,105659.0,45121.0,26.1,26.65,11.78,EQ
190124,SPICEMOBI,5388.0,2723.0,10.7,10.45,0.29,EQ
190124,SPLIL,22858.0,17298.0,64.55,66.0,11.17,EQ
190124,SPMLINFRA,8797.0,5085.0,36.35,36.3,1.85,EQ
190124,SPTL,2050938.0,1057499.0,22.2,23.55,234.76,EQ
190124,SQSBFSI,6027.0,4637.0,437.95,441.9,20.31,EQ
190124,SREEL,9274.0,8140.0,205.65,215.85,16.74,EQ
190124,SREINFRA,4138513.0,1073149.0,31.1,32.25,333.75,EQ
190124,SRF,200947.0,26772.0,2094.9,2059.55,560.85,EQ
190124,SRHHYPOLTD,5939.0,4128.0,151.0,152.5,6.23,EQ
190124,SRIPIPES,20810.0,15884.0,181.2,185.8,28.78,EQ
190124,SRIRAM,12000.0,0.0,13.95,13.35,0.0,SM
190124,SRTRANSFIN,816136.0,209803.0,1114.55,1088.05,2338.36,EQ
190124,SSINFRA,3000.0,3000.0,15.0,15.35,0.45,SM
190124,SSWL,1434.0,808.0,878.4,877.35,7.1,EQ
190124,STAMPEDE,367437.0,332873.0,1.0,1.05,3.33,EQ
190124,STAR,1859191.0,167103.0,530.85,531.5,887.07,EQ
190124,STARCEMENT,12223.0,9077.0,95.25,95.45,8.65,EQ
190124,STARPAPER,43952.0,27477.0,139.25,142.75,38.26,EQ
190124,STCINDIA,53147.0,14456.0,121.7,123.4,17.59,EQ
190124,STEELCITY,10000.0,8000.0,61.25,61.15,4.9,SM
190124,STEELXIND,9410.0,6286.0,12.6,12.95,0.79,EQ
190124,STEL,8405.0,5500.0,106.7,105.85,5.87,EQ
190124,STERTOOLS,27412.0,14220.0,334.7,343.55,47.59,EQ
190124,STRTECH,2901291.0,821216.0,290.65,292.75,2386.86,EQ
190124,SUBEX,3918239.0,1980150.0,7.35,7.7,145.54,EQ
190124,SUBROS,14212.0,6203.0,235.75,237.3,14.62,EQ
190124,SUDARSCHEM,20215.0,15402.0,318.05,325.2,48.99,EQ
190124,SUMEETINDS,48735.0,43489.0,3.8,3.8,1.65,EQ
190124,SUMIT,21000.0,21000.0,46.5,42.65,9.76,SM
190124,SUMMITSEC,2086.0,1670.0,581.25,580.15,9.71,EQ
190124,SUNCLAYLTD,246.0,187.0,3071.15,3081.4,5.74,EQ
190124,SUNDARAM,554521.0,279945.0,2.0,1.95,5.6,EQ
190124,SUNDARMFIN,13666.0,10342.0,1450.7,1469.75,150.03,EQ
190124,SUNDARMHLD,10531.0,9492.0,92.2,93.95,8.75,EQ
190124,SUNDRMBRAK,1456.0,1048.0,360.4,363.5,3.78,EQ
190124,SUNDRMFAST,53963.0,34132.0,524.55,522.25,179.04,EQ
190124,SUNFLAG,275353.0,140443.0,47.6,49.65,66.85,EQ
190124,SUNPHARMA,18446490.0,2610804.0,423.0,431.0,11043.7,EQ
190124,SUNTECK,115985.0,16956.0,342.6,335.0,58.09,EQ
190124,SUNTV,2113026.0,190817.0,527.0,529.45,1005.61,EQ
190124,SUPERHOUSE,799.0,565.0,133.2,133.25,0.75,EQ
190124,SUPERSPIN,2561.0,2461.0,7.45,7.3,0.18,EQ
190124,SUPPETRO,12179.0,9772.0,187.0,185.4,18.27,EQ
190124,SUPRAJIT,109200.0,86082.0,203.9,210.8,175.52,EQ
190124,SUPREMEENG,20000.0,20000.0,26.9,26.9,5.38,SM
190124,SUPREMEIND,73472.0,31604.0,1045.85,1066.0,330.53,EQ
190124,SUPREMEINF,98310.0,52404.0,17.65,18.5,9.25,EQ
190124,SURANASOL,9434.0,9334.0,8.6,8.65,0.8,EQ
190124,SURANAT&P,256886.0,78041.0,4.2,4.35,3.28,EQ
190124,SURYALAXMI,7640.0,7083.0,40.6,40.3,2.88,EQ
190124,SURYAROSNI,41345.0,26226.0,224.7,232.95,58.93,EQ
190124,SUTLEJTEX,11000.0,10734.0,41.3,41.8,4.43,EQ
190124,SUULD,200000.0,192000.0,26.0,26.0,49.92,SM
190124,SUVEN,217527.0,96433.0,202.5,203.75,195.28,EQ
190124,SUZLON,6256463.0,3582394.0,5.15,5.15,184.49,EQ
190124,SWANENERGY,241421.0,23112.0,100.5,98.0,23.23,EQ
190124,SWARAJENG,1787.0,1217.0,1517.2,1496.65,18.46,EQ
190124,SWELECTES,1703.0,1199.0,252.35,255.65,3.03,EQ
190124,SYMPHONY,70470.0,26258.0,1230.45,1220.1,323.09,EQ
190124,SYNDIBANK,4427381.0,412757.0,35.55,35.75,146.74,EQ
190124,SYNGENE,849347.0,768341.0,588.9,579.4,4524.76,EQ
190124,TAINWALCHM,2269.0,1868.0,70.8,69.0,1.32,EQ
190124,TAJGVK,28409.0,14900.0,182.35,181.65,27.17,EQ
190124,TAKE,102032.0,59322.0,148.45,156.6,88.06,EQ
190124,TALBROAUTO,5994.0,3660.0,217.8,221.05,7.97,EQ
190124,TALWALKARS,143545.0,87103.0,42.7,42.8,37.19,EQ
190124,TALWGYM,90494.0,83304.0,109.25,110.2,91.01,EQ
190124,TANLA,528759.0,249220.0,32.85,29.9,81.87,EQ
190124,TARACHAND,8000.0,4000.0,29.25,29.0,1.17,SM
190124,TARAPUR,485.0,485.0,3.4,3.4,0.02,EQ
190124,TARMAT,4284.0,2706.0,41.3,41.35,1.12,EQ
190124,TASTYBITE,2015.0,1963.0,8050.35,8021.05,158.03,EQ
190124,TATACHEM,379049.0,211708.0,689.2,681.25,1459.09,EQ
190124,TATACOFFEE,504200.0,112344.0,93.8,92.5,105.38,EQ
190124,TATACOMM,247811.0,57051.0,521.6,515.15,297.58,EQ
190124,TATAELXSI,1357593.0,236960.0,933.3,966.8,2211.55,EQ
190124,TATAGLOBAL,1059068.0,506202.0,210.8,210.6,1067.07,EQ
190124,TATAINVEST,7816.0,4980.0,831.5,832.8,41.41,EQ
190124,TATAMETALI,30544.0,9291.0,599.7,597.45,55.72,EQ
190124,TATAMOTORS,13461254.0,3037314.0,175.4,180.25,5327.45,EQ
190124,TATAMTRDVR,2739738.0,915452.0,92.75,95.55,849.08,EQ
190124,TATAPOWER,3700318.0,2041774.0,74.55,75.2,1522.14,EQ
190124,TATASPONGE,73210.0,32696.0,713.05,735.05,233.14,EQ
190124,TATASTEEL,4790846.0,1008392.0,460.75,464.6,4646.17,EQ
190124,TBZ,32974.0,27619.0,63.0,63.35,17.4,EQ
190124,TCI,32249.0,30458.0,290.0,290.45,88.33,EQ
190124,TCIDEVELOP,61.0,61.0,351.0,351.0,0.21,EQ
190124,TCIEXP,15693.0,12409.0,628.35,628.45,77.97,EQ
190124,TCIFINANCE,17718.0,13357.0,14.95,15.0,2.0,EQ
190124,TCNSBRANDS,8125.0,4311.0,712.75,729.9,30.73,EQ
190124,TCPLPACK,475.0,307.0,413.1,412.2,1.27,EQ
190124,TCS,1962927.0,967677.0,1901.55,1875.6,18400.86,EQ
190124,TDPOWERSYS,11899.0,10660.0,127.7,127.1,13.61,EQ
190124,TEAMLEASE,9867.0,7448.0,2683.6,2706.75,199.87,EQ
190124,TECHM,1849102.0,683360.0,727.75,720.7,4973.15,EQ
190124,TECHNOE,6860.0,4703.0,251.95,249.95,11.85,EQ
190124,TECHNOFAB,2986.0,1776.0,130.25,134.9,2.31,EQ
190124,TEJASNET,1196975.0,597222.0,183.5,213.05,1095.9,EQ
190124,TERASOFT,15056.0,7417.0,44.05,45.75,3.27,EQ
190124,TEXINFRA,23519.0,17482.0,61.1,60.25,10.68,EQ
190124,TEXMOPIPES,31413.0,20836.0,21.5,21.4,4.48,EQ
190124,TEXRAIL,195753.0,81068.0,56.4,56.2,45.72,EQ
190124,TFCILTD,113196.0,94343.0,133.6,135.0,126.04,EQ
190124,TFL,5730.0,5287.0,4.35,4.75,0.23,EQ
190124,TGBHOTELS,25298.0,16997.0,17.05,17.75,2.9,EQ
190124,THANGAMAYL,1714.0,1477.0,356.75,358.9,5.27,EQ
190124,THEINVEST,1360.0,905.0,143.6,143.9,1.3,EQ
190124,THEMISMED,1154.0,1113.0,284.75,288.15,3.17,EQ
190124,THERMAX,10515.0,7204.0,1114.95,1090.8,80.32,EQ
190124,THOMASCOOK,78817.0,46759.0,221.2,221.6,103.43,EQ
190124,THYROCARE,8275.0,7183.0,545.05,548.85,39.15,EQ
190124,TI,60483.0,38192.0,17.05,16.85,6.51,EQ
190124,TIDEWATER,594.0,418.0,5302.45,5237.75,22.16,EQ
190124,TIFIN,23773.0,14802.0,466.35,465.25,69.03,EQ
190124,TIIL,859.0,423.0,573.15,580.2,2.42,EQ
190124,TIINDIA,23942.0,17131.0,335.45,331.05,57.47,EQ
190124,TIJARIA,82409.0,44509.0,18.9,19.85,8.41,EQ
190124,TIL,2549.0,1653.0,246.4,250.15,4.07,EQ
190124,TIMESGTY,300.0,300.0,29.55,29.35,0.09,EQ
190124,TIMETECHNO,191311.0,130856.0,99.05,102.05,129.61,EQ
190124,TIMKEN,6356.0,3483.0,556.4,560.7,19.38,EQ
190124,TINPLATE,190607.0,63929.0,146.25,149.15,93.5,EQ
190124,TIPSINDLTD,4596.0,1639.0,60.5,61.3,0.99,EQ
190124,TIRUMALCHM,6018018.0,2051105.0,81.0,101.2,1661.4,EQ
190124,TIRUPATIFL,2000.0,2000.0,42.05,42.5,0.84,SM
190124,TITAN,1246903.0,319446.0,969.65,962.15,3097.51,EQ
190124,TMRVL,31694.0,21522.0,31.4,32.05,6.76,EQ
190124,TNPETRO,30408.0,24332.0,37.05,37.35,9.02,EQ
190124,TNPL,36708.0,33273.0,230.1,229.0,76.56,EQ
190124,TOKYOPLAST,1925.0,1382.0,49.95,49.55,0.69,EQ
190124,TORNTPHARM,176527.0,77323.0,1889.05,1909.2,1460.67,EQ
190124,TORNTPOWER,902166.0,455477.0,258.5,262.75,1177.41,EQ
190124,TOUCHWOOD,3000.0,3000.0,51.55,49.1,1.55,SM
190124,TPLPLASTEH,7735.0,4228.0,130.05,133.6,5.5,EQ
190124,TRANSWIND,20000.0,16000.0,9.3,8.95,1.49,SM
190124,TREEHOUSE,17992.0,10643.0,4.55,4.55,0.48,EQ
190124,TREJHARA,11841.0,10820.0,34.6,36.35,3.74,EQ
190124,TRENT,97596.0,83282.0,356.25,359.0,296.69,EQ
190124,TRF,13707.0,7572.0,113.2,113.85,8.57,EQ
190124,TRIDENT,523338.0,278820.0,66.4,68.95,185.14,EQ
190124,TRIGYN,44241.0,27557.0,73.45,75.95,20.24,EQ
190124,TRIL,37683.0,21337.0,12.95,13.15,2.76,EQ
190124,TRITURBINE,8170.0,5641.0,109.15,112.45,6.16,EQ
190124,TRIVENI,184582.0,66555.0,45.25,45.7,30.12,EQ
190124,TTKHLTCARE,123726.0,14656.0,890.5,769.05,130.51,EQ
190124,TTKPRESTIG,5678.0,3415.0,7848.9,8050.5,268.04,EQ
190124,TTL,16084.0,14493.0,60.4,65.0,8.75,EQ
190124,TTML,419973.0,134944.0,3.9,3.9,5.26,EQ
190124,TV18BRDCST,3100470.0,599738.0,34.05,34.5,204.21,EQ
190124,TVSELECT,21577.0,12732.0,190.6,193.45,24.27,EQ
190124,TVSMOTOR,1479385.0,150951.0,521.75,531.55,787.59,EQ
190124,TVSSRICHAK,1042.0,938.0,2390.1,2393.0,22.42,EQ
190124,TVTODAY,26038.0,22744.0,361.55,362.55,82.23,EQ
190124,TVVISION,18782.0,14932.0,4.25,4.45,0.63,EQ
190124,TWL,339382.0,132621.0,71.55,71.35,94.89,EQ
190124,UBL,672662.0,265612.0,1448.3,1444.9,3846.86,EQ
190124,UCALFUEL,7552.0,3532.0,171.9,173.9,6.07,EQ
190124,UCOBANK,225101.0,122277.0,19.7,19.85,24.09,EQ
190124,UFLEX,37183.0,20488.0,260.05,260.55,53.28,EQ
190124,UFO,9303.0,6803.0,254.25,245.7,17.3,EQ
190124,UGARSUGAR,21395.0,12725.0,12.9,13.1,1.64,EQ
190124,UJAAS,103937.0,78340.0,6.8,6.9,5.33,EQ
190124,UJJIVAN,11961606.0,606388.0,294.95,284.3,1788.54,EQ
190124,ULTRACEMCO,808713.0,237375.0,3790.7,3850.65,8998.17,EQ
190124,UMANGDAIRY,3659.0,2626.0,57.7,58.1,1.52,EQ
190124,UNICHEMLAB,13817.0,9891.0,205.15,206.95,20.29,EQ
190124,UNIENTER,3951.0,3076.0,95.35,95.8,2.93,EQ
190124,UNIINFO,20000.0,2000.0,29.9,29.0,0.6,SM
190124,UNIONBANK,6625042.0,1002631.0,82.5,82.75,827.17,EQ
190124,UNIPLY,23715.0,17085.0,54.9,55.15,9.38,EQ
190124,UNITEDBNK,337528.0,161932.0,11.8,11.8,19.11,EQ
190124,UNITEDTEA,289.0,173.0,312.35,316.05,0.54,EQ
190124,UNIVCABLES,54874.0,35174.0,251.25,255.25,88.37,EQ
190124,UPL,2109205.0,990904.0,747.35,762.85,7405.52,EQ
190124,URJA,727914.0,372400.0,3.1,3.2,11.54,EQ
190124,USHAMART,218688.0,165812.0,33.35,33.15,55.3,EQ
190124,UTINEXT50,18.0,11.0,277.48,283.9,0.03,EQ
190124,UTINIFTETF,83.0,63.0,1129.6,1140.0,0.71,EQ
190124,UTISENSETF,48.0,28.0,379.5,379.94,0.11,EQ
190124,UTTAMSTL,78858.0,43472.0,9.75,9.6,4.24,EQ
190124,UTTAMSUGAR,26654.0,8632.0,92.2,92.25,7.96,EQ
190124,UWCSL,4000.0,4000.0,15.3,15.0,0.61,SM
190124,V2RETAIL,33302.0,17425.0,280.65,266.85,48.9,EQ
190124,VADILALIND,5238.0,4223.0,501.3,509.7,21.17,EQ
190124,VAIBHAVGBL,5447.0,4022.0,701.35,705.05,28.21,EQ
190124,VAISHALI,4800.0,3200.0,41.75,43.85,1.34,SM
190124,VAKRANGEE,8644809.0,3813098.0,44.7,47.05,1704.45,EQ
190124,VARDHACRLC,11526.0,8564.0,45.6,45.4,3.91,EQ
190124,VARDMNPOLY,6777.0,5615.0,10.95,11.3,0.61,EQ
190124,VARROC,9667.0,7886.0,672.05,704.85,53.0,EQ
190124,VASCONEQ,247261.0,154392.0,16.6,17.0,25.63,EQ
190124,VASWANI,15761.0,15351.0,11.3,11.45,1.73,EQ
190124,VBL,56797.0,38427.0,765.05,780.2,293.99,EQ
190124,VEDL,6195845.0,820115.0,193.5,192.8,1586.92,EQ
190124,VENKEYS,28505.0,8939.0,2226.15,2237.75,199.0,EQ
190124,VENUSREM,6985.0,4229.0,40.45,40.45,1.71,EQ
190124,VERTOZ,19200.0,3600.0,183.9,187.6,6.62,SM
190124,VESUVIUS,792.0,513.0,1197.5,1199.75,6.14,EQ
190124,VETO,21425.0,16284.0,62.75,62.95,10.22,EQ
190124,VGUARD,379131.0,166973.0,202.15,202.2,337.54,EQ
190124,VHL,264.0,147.0,2267.4,2298.3,3.33,EQ
190124,VIDHIING,23191.0,15547.0,75.8,77.25,11.78,EQ
190124,VIJAYABANK,1618274.0,645168.0,45.0,44.45,290.33,EQ
190124,VIJIFIN,12451.0,12451.0,1.35,1.4,0.17,EQ
190124,VIKASECO,1862290.0,547684.0,12.95,12.75,70.93,EQ
190124,VIMTALABS,28098.0,17152.0,265.55,273.15,45.55,EQ
190124,VINATIORGA,12266.0,9957.0,1580.95,1589.9,157.42,EQ
190124,VINDHYATEL,23412.0,19973.0,1699.2,1689.15,339.38,EQ
190124,VINYLINDIA,32535.0,16896.0,77.25,78.5,13.05,EQ
190124,VIPCLOTHNG,33316.0,23311.0,24.9,25.75,5.8,EQ
190124,VIPIND,223196.0,122495.0,481.05,490.25,589.26,EQ
190124,VIPULLTD,4054.0,2730.0,29.05,30.6,0.79,EQ
190124,VISAKAIND,33519.0,16686.0,393.1,412.45,65.59,EQ
190124,VISASTEEL,14992.0,8640.0,8.1,8.15,0.7,EQ
190124,VISESHINFO,1078552.0,467013.0,0.05,0.05,0.23,EQ
190124,VISHNU,1776.0,1645.0,146.85,147.0,2.42,EQ
190124,VIVIDHA,96186.0,60001.0,0.7,0.75,0.42,EQ
190124,VIVIMEDLAB,497590.0,356179.0,25.3,25.7,90.11,EQ
190124,VLSFINANCE,8493.0,6662.0,52.6,53.1,3.5,EQ
190124,VMART,21988.0,11300.0,2432.8,2305.95,274.91,EQ
190124,VOLTAMP,9255.0,7318.0,1053.45,1081.15,77.09,EQ
190124,VOLTAS,677637.0,240490.0,538.7,532.75,1295.52,EQ
190124,VRLLOG,44789.0,23656.0,260.85,270.75,61.71,EQ
190124,VSSL,2792.0,2330.0,88.65,88.6,2.07,EQ
190124,VSTIND,19597.0,14303.0,3203.8,3167.15,458.24,EQ
190124,VSTTILLERS,1861.0,1293.0,1614.45,1584.1,20.87,EQ
190124,VTL,5931.0,4477.0,1073.05,1081.05,48.04,EQ
190124,WABAG,99034.0,24893.0,292.1,294.65,72.71,EQ
190124,WABCOINDIA,1617.0,1139.0,6459.75,6326.5,73.58,EQ
190124,WALCHANNAG,229178.0,52016.0,96.75,98.35,50.33,EQ
190124,WEBELSOLAR,93439.0,59142.0,24.2,23.85,14.31,EQ
190124,WEIZFOREX,3965.0,3918.0,513.3,514.25,20.11,EQ
190124,WEIZMANIND,1613.0,362.0,43.0,44.05,0.16,EQ
190124,WELCORP,736259.0,520629.0,111.0,114.85,577.9,EQ
190124,WELENT,80203.0,49966.0,103.1,102.45,51.51,EQ
190124,WELINV,393.0,361.0,146.0,143.7,0.53,EQ
190124,WELSPUNIND,603585.0,342277.0,59.15,59.35,202.46,EQ
190124,WENDT,1111.0,639.0,3056.45,3001.0,19.53,EQ
190124,WHEELS,683.0,469.0,848.6,865.3,3.98,EQ
190124,WHIRLPOOL,51870.0,21809.0,1480.5,1460.6,322.88,EQ
190124,WILLAMAGOR,7467.0,5093.0,54.05,54.7,2.75,EQ
190124,WINDMACHIN,158463.0,33169.0,63.0,64.5,20.9,EQ
190124,WIPRO,4230546.0,1272871.0,351.75,351.55,4477.32,EQ
190124,WOCKPHARMA,794794.0,128109.0,483.6,492.25,619.54,EQ
190124,WONDERLA,12242.0,9160.0,272.65,274.9,24.97,EQ
190124,WORTH,4500.0,4500.0,73.0,76.0,3.28,SM
190124,WSTCSTPAPR,109935.0,67140.0,267.0,280.65,179.26,EQ
190124,XCHANGING,6947.0,5606.0,45.25,46.05,2.54,EQ
190124,XPROINDIA,50.0,50.0,39.0,38.8,0.02,EQ
190124,YESBANK,127603904.0,28175530.0,215.4,197.25,60690.09,EQ
190124,ZEEL,6954715.0,2216049.0,433.85,432.85,9614.33,EQ
190124,ZEELEARN,111618.0,87324.0,33.8,34.7,29.52,EQ
190124,ZEEMEDIA,463891.0,213956.0,24.15,25.2,51.67,EQ
190124,ZENITHEXPO,455.0,251.0,40.3,42.4,0.1,EQ
190124,ZENSARTECH,57629.0,46221.0,220.4,224.3,101.87,EQ
190124,ZENTEC,314118.0,153956.0,85.3,84.85,131.32,EQ
190124,ZICOM,13074.0,10233.0,6.05,5.9,0.62,EQ
190124,ZODIACLOTH,1840.0,1669.0,138.95,140.35,2.32,EQ
190124,ZODJRDMKJ,829.0,336.0,38.25,38.95,0.13,EQ
190124,ZOTA,7500.0,2500.0,262.5,259.0,6.56,SM
190124,ZUARI,5212.0,3167.0,222.25,220.6,7.04,EQ
190124,ZUARIGLOB,6139.0,3422.0,115.85,115.8,3.96,EQ
190124,ZYDUSWELL,6157.0,3267.0,1305.35,1274.5,42.65,EQ
190124,ALCHEM,3216.0,3216.0,2.75,2.75,0.09,BE
190124,ANGIND,33294.0,33294.0,1.0,1.0,0.33,BE
190124,ANKITMETAL,76712.0,76712.0,0.45,0.45,0.35,BE
190124,ANTGRAPHIC,79517.0,79517.0,0.5,0.5,0.4,BE
190124,APOLSINHOT,192.0,192.0,963.0,992.5,1.85,BE
190124,ARROWGREEN,11817.0,11817.0,104.35,105.5,12.33,BE
190124,ASHIMASYN,37750.0,37750.0,15.05,15.65,5.68,BE
190124,ATLASCYCLE,130.0,130.0,77.0,75.9,0.1,BE
190124,BGLOBAL,764.0,764.0,2.75,2.8,0.02,BE
190124,BIOFILCHEM,466.0,466.0,6.7,6.6,0.03,BE
190124,BIRLAMONEY,27717.0,27717.0,48.3,49.4,13.39,BE
190124,BVCL,63.0,63.0,17.45,16.7,0.01,BE
190124,CAPTRUST,621.0,621.0,209.95,214.0,1.3,BE
190124,CEBBCO,21478.0,21478.0,23.55,23.65,5.06,BE
190124,CHROMATIC,26736.0,26736.0,1.15,1.1,0.31,BE
190124,CURATECH,7998.0,7998.0,1.0,1.0,0.08,BE
190124,DALBHARAT,110.0,110.0,948.15,903.0,1.04,BE
190124,DBREALTY,87380.0,87380.0,27.05,26.7,23.64,BE
190124,DNAMEDIA,17910.0,17910.0,6.05,5.8,1.08,BE
190124,EASTSILK,10981.0,10981.0,2.3,2.3,0.25,BE
190124,EUROCERA,15037.0,15037.0,1.5,1.5,0.23,BE
190124,EUROMULTI,838.0,838.0,0.9,0.95,0.01,BE
190124,FCSSOFT,158853.0,158853.0,0.2,0.2,0.32,BE
190124,GOKUL,63581.0,63581.0,16.35,16.25,10.4,BE
190124,GOKULAGRO,60215.0,60215.0,16.35,16.3,9.85,BE
190124,GOLDENTOBC,3835.0,3835.0,49.65,52.25,1.9,BE
190124,GTL,42965.0,42965.0,6.0,6.3,2.58,BE
190124,GTNTEX,100.0,100.0,10.7,10.5,0.01,BE
190124,HAVISHA,979.0,979.0,0.6,0.6,0.01,BE
190124,HEXATRADEX,7746.0,7746.0,21.85,22.45,1.69,BE
190124,IL&FSENGG,16094.0,16094.0,13.0,13.65,2.09,BE
190124,IMPEXFERRO,5133.0,5133.0,0.3,0.35,0.02,BE
190124,INDORAMA,42689.0,42689.0,34.1,34.25,14.56,BE
190124,INDOSOLAR,44855.0,44855.0,2.15,2.15,0.96,BE
190124,ISMTLTD,11793.0,11793.0,7.75,7.6,0.91,BE
190124,JAINSTUDIO,1653.0,1653.0,5.0,5.2,0.08,BE
190124,JAYNECOIND,8146.0,8146.0,5.15,5.15,0.42,BE
190124,JIKIND,301.0,301.0,0.35,0.35,0.0,BE
190124,JINDCOT,31300.0,31300.0,5.15,5.0,1.61,BE
190124,JITFINFRA,381.0,381.0,17.75,18.3,0.07,BE
190124,KALYANIFRG,313.0,313.0,282.0,286.0,0.88,BE
190124,KELLTONTEC,112110.0,112110.0,41.6,39.65,46.64,BE
190124,KERNEX,4103.0,4103.0,25.7,26.4,1.05,BE
190124,KGL,143449.0,143449.0,1.7,1.65,2.44,BE
190124,KHAITANELE,5.0,5.0,10.8,11.2,0.0,BE
190124,KHAITANLTD,290.0,290.0,32.3,32.3,0.09,BE
190124,LASA,7417.0,7417.0,25.15,26.3,1.87,BE
190124,LFIC,4.0,4.0,90.5,91.2,0.0,BE
190124,MAHAPEXLTD,4330.0,4330.0,105.45,111.0,4.57,BE
190124,MASKINVEST,22.0,22.0,62.75,66.05,0.01,BE
190124,MBECL,8058.0,8058.0,9.15,9.0,0.74,BE
190124,MEGASOFT,7596.0,7596.0,7.0,6.95,0.53,BE
190124,MELSTAR,1.0,1.0,1.4,1.45,0.0,BE
190124,METKORE,1352.0,1352.0,1.25,1.3,0.02,BE
190124,MODIRUBBER,26.0,26.0,44.15,42.1,0.01,BE
190124,NEXTMEDIA,114220.0,114220.0,25.4,25.3,29.01,BE
190124,NTL,5199.0,5199.0,1.15,1.1,0.06,BE
190124,OMKARCHEM,74078.0,74078.0,25.9,27.15,19.19,BE
190124,ONELIFECAP,4257.0,4257.0,14.0,14.7,0.6,BE
190124,PARABDRUGS,3669.0,3669.0,2.0,1.95,0.07,BE
190124,PILANIINVS,98.0,98.0,1994.95,2012.7,1.96,BE
190124,PILITA,11972.0,11972.0,7.3,7.5,0.87,BE
190124,PIRPHYTO,1212.0,1212.0,29.6,30.45,0.36,BE
190124,PKTEA,6.0,6.0,173.9,169.0,0.01,BE
190124,PRADIP,2729.0,2729.0,1.5,1.5,0.04,BE
190124,PROSEED,679312.0,679312.0,0.6,0.55,4.08,BE
190124,PROVOGE,31938.0,31938.0,2.05,2.1,0.65,BE
190124,RADAAN,14674.0,14674.0,3.2,3.35,0.47,BE
190124,RAINBOWPAP,39254.0,39254.0,0.95,0.95,0.37,BE
190124,REGENCERAM,221.0,221.0,4.3,4.5,0.01,BE
190124,ROHITFERRO,5033.0,5033.0,1.6,1.6,0.08,BE
190124,RUCHINFRA,31870.0,31870.0,3.25,3.4,1.04,BE
190124,RUCHISOYA,472450.0,472450.0,7.0,7.15,33.07,BE
190124,SELMCL,37072.0,37072.0,1.15,1.2,0.43,BE
190124,SHRIPISTON,519.0,519.0,1045.0,1066.0,5.42,BE
190124,SIL,2150.0,2150.0,15.0,15.4,0.32,BE
190124,SITASHREE,23969.0,23969.0,0.6,0.65,0.14,BE
190124,SMPL,19746.0,19746.0,0.4,0.45,0.08,BE
190124,SPCENET,25040.0,25040.0,0.8,0.85,0.2,BE
190124,SPENTEX,3094.0,3094.0,1.55,1.6,0.05,BE
190124,SPYL,32638.0,32638.0,0.2,0.25,0.07,BE
190124,SUJANAUNI,28719.0,28719.0,0.3,0.25,0.09,BE
190124,SUNILHITEC,268685.0,268685.0,1.25,1.25,3.36,BE
190124,SYNCOM,6890.0,6890.0,2.35,2.45,0.16,BE
190124,TANTIACONS,7384.0,7384.0,4.0,4.1,0.3,BE
190124,TARAJEWELS,114954.0,114954.0,1.0,1.05,1.15,BE
190124,TATASTLBSL,192133.0,192133.0,33.5,34.05,64.36,BE
190124,TECHIN,317.0,317.0,6.7,6.4,0.02,BE
190124,THIRUSUGAR,4447.0,4447.0,25.8,26.2,1.15,BE
190124,UNITECH,6892214.0,6892214.0,1.75,1.8,120.61,BE
190124,USHERAGRO,7012.0,7012.0,2.2,2.1,0.15,BE
190124,UVSL,1744038.0,1744038.0,0.15,0.1,2.62,BE
190124,VICEROY,28861.0,28861.0,3.85,4.0,1.11,BE
190124,VIJSHAN,3674.0,3674.0,6.7,6.5,0.25,BE
190124,VIMALOIL,62.0,62.0,9.1,9.1,0.01,BE
190124,WANBURY,669.0,669.0,18.05,18.9,0.12,BE
190124,WINSOME,10252.0,10252.0,0.95,1.0,0.1,BE
190124,WIPL,7578.0,7578.0,100.0,100.9,7.58,BE
190124,WSI,100.0,100.0,3.0,3.0,0.0,BE
190124,XLENERGY,310.0,310.0,0.95,1.0,0.0,BE
190124,ZENITHBIR,135414.0,135414.0,0.75,0.7,1.02,BE
